producto,year,month,day,precio_min,precio_max,precio_mean
CEBOLLA CABEZA BLANCA NACIONAL,2022,5,1,1.5,1.9,1.73
CEBOLLA CABEZA ROJA/MAJ/TAMB/LOC/CAM/MIL,2022,5,1,1.4,1.9,1.6
CEBOLLA CHINA (CRIOLLA/SERRANA),2022,5,1,1.5,2.0,1.75
PAPA AMARILLA,2022,5,1,1.4,1.9,1.68
PAPA BLANCA/VALLE/OTROS,2022,5,1,1.4,1.8,1.58
PAPA COLOR/VALLE/OTROS,2022,5,1,1.5,1.8,1.65
PAPA HUAYRO (ROJO-MORO-NEGRO)RUNT/MARH/U,2022,5,1,1.4,1.7,1.55
PAPA HUAMANTANGA,2022,5,1,1.5,1.9,1.68
PAPA NEGRA ANDINA,2022,5,1,1.4,1.7,1.55
PAPA PERUANITA (INJERTO),2022,5,1,1.4,1.8,1.63
PAPA YUNGAY,2022,5,1,1.4,1.8,1.58
PAPA UNICA,2022,5,1,1.4,1.8,1.58
PAPA CANCHAN,2022,5,1,1.4,1.8,1.6
CEBOLLA CABEZA BLANCA NACIONAL,2022,5,2,1.5,1.9,1.73
CEBOLLA CABEZA ROJA/MAJ/TAMB/LOC/CAM/MIL,2022,5,2,1.4,1.9,1.63
CEBOLLA CHINA (CRIOLLA/SERRANA),2022,5,2,1.0,2.0,1.5
PAPA AMARILLA,2022,5,2,1.4,1.9,1.68
PAPA BLANCA/VALLE/OTROS,2022,5,2,1.4,1.8,1.58
PAPA COLOR/VALLE/OTROS,2022,5,2,1.5,1.8,1.65
PAPA HUAYRO (ROJO-MORO-NEGRO)RUNT/MARH/U,2022,5,2,1.4,1.7,1.55
PAPA HUAMANTANGA,2022,5,2,1.5,1.9,1.68
PAPA NEGRA ANDINA,2022,5,2,1.4,1.7,1.55
PAPA PERUANITA (INJERTO),2022,5,2,1.4,1.8,1.63
PAPA YUNGAY,2022,5,2,1.4,1.8,1.58
PAPA UNICA,2022,5,2,1.4,1.8,1.6
PAPA CANCHAN,2022,5,2,1.4,1.8,1.6
CEBOLLA CABEZA BLANCA NACIONAL,2022,5,3,1.5,1.9,1.73
CEBOLLA CABEZA ROJA/MAJ/TAMB/LOC/CAM/MIL,2022,5,3,1.5,1.9,1.68
CEBOLLA CHINA (CRIOLLA/SERRANA),2022,5,3,1.0,2.0,1.5
PAPA AMARILLA,2022,5,3,1.4,1.9,1.65
PAPA BLANCA/VALLE/OTROS,2022,5,3,1.4,1.8,1.58
PAPA COLOR/VALLE/OTROS,2022,5,3,1.5,1.8,1.65
PAPA HUAYRO (ROJO-MORO-NEGRO)RUNT/MARH/U,2022,5,3,1.4,1.7,1.55
PAPA HUAMANTANGA,2022,5,3,1.5,1.9,1.68
PAPA NEGRA ANDINA,2022,5,3,1.4,1.7,1.55
PAPA PERUANITA (INJERTO),2022,5,3,1.4,1.8,1.63
PAPA YUNGAY,2022,5,3,1.4,1.8,1.58
PAPA UNICA,2022,5,3,1.4,1.8,1.6
PAPA CANCHAN,2022,5,3,1.4,1.8,1.6
CEBOLLA CABEZA BLANCA NACIONAL,2022,5,4,1.5,1.9,1.73
CEBOLLA CABEZA ROJA/MAJ/TAMB/LOC/CAM/MIL,2022,5,4,1.5,1.9,1.68
CEBOLLA CHINA (CRIOLLA/SERRANA),2022,5,4,1.0,1.5,1.25
PAPA AMARILLA,2022,5,4,1.4,1.9,1.65
PAPA BLANCA/VALLE/OTROS,2022,5,4,1.4,1.8,1.58
PAPA COLOR/VALLE/OTROS,2022,5,4,1.5,1.8,1.65
PAPA HUAYRO (ROJO-MORO-NEGRO)RUNT/MARH/U,2022,5,4,1.4,1.7,1.55
PAPA HUAMANTANGA,2022,5,4,1.5,1.9,1.68
PAPA NEGRA ANDINA,2022,5,4,1.4,1.7,1.55
PAPA PERUANITA (INJERTO),2022,5,4,1.4,1.8,1.63
PAPA YUNGAY,2022,5,4,1.4,1.8,1.58
PAPA UNICA,2022,5,4,1.4,1.8,1.6
PAPA CANCHAN,2022,5,4,1.4,1.8,1.6
CEBOLLA CABEZA BLANCA NACIONAL,2022,5,5,1.5,1.9,1.73
CEBOLLA CABEZA ROJA/MAJ/TAMB/LOC/CAM/MIL,2022,5,5,1.5,1.9,1.68
CEBOLLA CHINA (CRIOLLA/SERRANA),2022,5,5,1.0,2.0,1.5
PAPA AMARILLA,2022,5,5,1.4,1.9,1.63
PAPA BLANCA/VALLE/OTROS,2022,5,5,1.4,1.7,1.55
PAPA COLOR/VALLE/OTROS,2022,5,5,1.5,1.8,1.65
PAPA HUAYRO (ROJO-MORO-NEGRO)RUNT/MARH/U,2022,5,5,1.4,1.7,1.55
PAPA HUAMANTANGA,2022,5,5,1.5,1.9,1.68
PAPA NEGRA ANDINA,2022,5,5,1.4,1.7,1.55
PAPA PERUANITA (INJERTO),2022,5,5,1.4,1.8,1.63
PAPA YUNGAY,2022,5,5,1.4,1.8,1.58
PAPA UNICA,2022,5,5,1.4,1.7,1.55
PAPA CANCHAN,2022,5,5,1.4,1.7,1.55
CEBOLLA CABEZA BLANCA NACIONAL,2022,5,6,1.6,1.9,1.75
CEBOLLA CABEZA ROJA/MAJ/TAMB/LOC/CAM/MIL,2022,5,6,1.5,2.0,1.73
CEBOLLA CHINA (CRIOLLA/SERRANA),2022,5,6,1.0,2.0,1.63
PAPA AMARILLA,2022,5,6,1.4,1.9,1.63
PAPA BLANCA/VALLE/OTROS,2022,5,6,1.4,1.7,1.55
PAPA COLOR/VALLE/OTROS,2022,5,6,1.5,1.8,1.65
PAPA HUAYRO (ROJO-MORO-NEGRO)RUNT/MARH/U,2022,5,6,1.4,1.7,1.55
PAPA HUAMANTANGA,2022,5,6,1.5,1.9,1.7
PAPA NEGRA ANDINA,2022,5,6,1.4,1.7,1.55
PAPA PERUANITA (INJERTO),2022,5,6,1.4,1.8,1.63
PAPA YUNGAY,2022,5,6,1.45,1.8,1.59
PAPA UNICA,2022,5,6,1.4,1.7,1.55
PAPA CANCHAN,2022,5,6,1.4,1.7,1.55
CEBOLLA CABEZA BLANCA NACIONAL,2022,5,7,1.6,1.9,1.75
CEBOLLA CABEZA ROJA/MAJ/TAMB/LOC/CAM/MIL,2022,5,7,1.5,2.2,1.78
CEBOLLA CHINA (CRIOLLA/SERRANA),2022,5,7,1.0,2.0,1.63
PAPA AMARILLA,2022,5,7,1.4,1.9,1.65
PAPA BLANCA/VALLE/OTROS,2022,5,7,1.3,1.7,1.53
PAPA COLOR/VALLE/OTROS,2022,5,7,1.5,1.8,1.65
PAPA HUAYRO (ROJO-MORO-NEGRO)RUNT/MARH/U,2022,5,7,1.4,1.7,1.55
PAPA HUAMANTANGA,2022,5,7,1.5,1.9,1.7
PAPA NEGRA ANDINA,2022,5,7,1.35,1.7,1.54
PAPA PERUANITA (INJERTO),2022,5,7,1.4,1.8,1.6
PAPA YUNGAY,2022,5,7,1.4,1.8,1.58
PAPA UNICA,2022,5,7,1.3,1.7,1.5
PAPA CANCHAN,2022,5,7,1.3,1.7,1.5
CEBOLLA CABEZA BLANCA NACIONAL,2022,5,8,1.6,1.9,1.75
CEBOLLA CABEZA ROJA/MAJ/TAMB/LOC/CAM/MIL,2022,5,8,1.5,2.2,1.78
CEBOLLA CHINA (CRIOLLA/SERRANA),2022,5,8,1.0,2.0,1.63
PAPA AMARILLA,2022,5,8,1.4,1.9,1.65
PAPA BLANCA/VALLE/OTROS,2022,5,8,1.3,1.7,1.53
PAPA COLOR/VALLE/OTROS,2022,5,8,1.5,1.8,1.65
PAPA HUAYRO (ROJO-MORO-NEGRO)RUNT/MARH/U,2022,5,8,1.4,1.7,1.55
PAPA HUAMANTANGA,2022,5,8,1.5,1.9,1.7
PAPA NEGRA ANDINA,2022,5,8,1.35,1.7,1.54
PAPA PERUANITA (INJERTO),2022,5,8,1.4,1.8,1.6
PAPA YUNGAY,2022,5,8,1.4,1.8,1.58
PAPA UNICA,2022,5,8,1.3,1.7,1.5
PAPA CANCHAN,2022,5,8,1.3,1.7,1.5
CEBOLLA CABEZA BLANCA NACIONAL,2022,5,9,1.6,1.9,1.75
CEBOLLA CABEZA ROJA/MAJ/TAMB/LOC/CAM/MIL,2022,5,9,1.5,2.1,1.75
CEBOLLA CHINA (CRIOLLA/SERRANA),2022,5,9,2.5,3.5,3.0
PAPA AMARILLA,2022,5,9,1.4,1.9,1.65
PAPA BLANCA/VALLE/OTROS,2022,5,9,1.4,1.7,1.55
PAPA COLOR/VALLE/OTROS,2022,5,9,1.5,1.8,1.65
PAPA HUAYRO (ROJO-MORO-NEGRO)RUNT/MARH/U,2022,5,9,1.4,1.8,1.6
PAPA HUAMANTANGA,2022,5,9,1.5,1.9,1.7
PAPA NEGRA ANDINA,2022,5,9,1.4,1.7,1.55
PAPA PERUANITA (INJERTO),2022,5,9,1.4,1.8,1.6
PAPA YUNGAY,2022,5,9,1.4,1.7,1.55
PAPA UNICA,2022,5,9,1.3,1.7,1.48
PAPA CANCHAN,2022,5,9,1.3,1.8,1.53
CEBOLLA CABEZA BLANCA NACIONAL,2022,5,10,1.6,1.9,1.75
CEBOLLA CABEZA ROJA/MAJ/TAMB/LOC/CAM/MIL,2022,5,10,1.5,2.0,1.73
CEBOLLA CHINA (CRIOLLA/SERRANA),2022,5,10,2.5,3.5,3.0
PAPA AMARILLA,2022,5,10,1.4,1.9,1.65
PAPA BLANCA/VALLE/OTROS,2022,5,10,1.3,1.7,1.5
PAPA COLOR/VALLE/OTROS,2022,5,10,1.5,1.8,1.65
PAPA HUAYRO (ROJO-MORO-NEGRO)RUNT/MARH/U,2022,5,10,1.4,1.8,1.6
PAPA HUAMANTANGA,2022,5,10,1.5,1.9,1.7
PAPA NEGRA ANDINA,2022,5,10,1.35,1.7,1.54
PAPA PERUANITA (INJERTO),2022,5,10,1.4,1.8,1.6
PAPA YUNGAY,2022,5,10,1.3,1.7,1.53
PAPA UNICA,2022,5,10,1.3,1.6,1.45
PAPA CANCHAN,2022,5,10,1.3,1.8,1.53
CEBOLLA CABEZA BLANCA NACIONAL,2022,5,11,1.6,1.9,1.75
CEBOLLA CABEZA ROJA/MAJ/TAMB/LOC/CAM/MIL,2022,5,11,1.5,2.0,1.73
CEBOLLA CHINA (CRIOLLA/SERRANA),2022,5,11,2.0,3.0,2.5
PAPA AMARILLA,2022,5,11,1.4,1.9,1.65
PAPA BLANCA/VALLE/OTROS,2022,5,11,1.3,1.7,1.5
PAPA COLOR/VALLE/OTROS,2022,5,11,1.5,1.8,1.65
PAPA HUAYRO (ROJO-MORO-NEGRO)RUNT/MARH/U,2022,5,11,1.4,1.8,1.6
PAPA HUAMANTANGA,2022,5,11,1.5,1.9,1.7
PAPA NEGRA ANDINA,2022,5,11,1.35,1.7,1.54
PAPA PERUANITA (INJERTO),2022,5,11,1.4,1.8,1.6
PAPA YUNGAY,2022,5,11,1.3,1.7,1.48
PAPA UNICA,2022,5,11,1.3,1.6,1.45
PAPA CANCHAN,2022,5,11,1.3,1.8,1.53
CEBOLLA CABEZA BLANCA NACIONAL,2022,5,12,1.6,2.0,1.78
CEBOLLA CABEZA ROJA/MAJ/TAMB/LOC/CAM/MIL,2022,5,12,1.5,2.1,1.75
CEBOLLA CHINA (CRIOLLA/SERRANA),2022,5,12,2.0,3.0,2.5
PAPA AMARILLA,2022,5,12,1.4,1.9,1.65
PAPA BLANCA/VALLE/OTROS,2022,5,12,1.3,1.6,1.45
PAPA COLOR/VALLE/OTROS,2022,5,12,1.5,1.8,1.65
PAPA HUAYRO (ROJO-MORO-NEGRO)RUNT/MARH/U,2022,5,12,1.4,1.7,1.55
PAPA HUAMANTANGA,2022,5,12,1.5,1.8,1.65
PAPA NEGRA ANDINA,2022,5,12,1.3,1.7,1.53
PAPA PERUANITA (INJERTO),2022,5,12,1.4,1.8,1.6
PAPA YUNGAY,2022,5,12,1.3,1.6,1.45
PAPA UNICA,2022,5,12,1.3,1.6,1.45
PAPA CANCHAN,2022,5,12,1.3,1.7,1.5
CEBOLLA CABEZA BLANCA NACIONAL,2022,5,13,1.6,2.3,1.9
CEBOLLA CABEZA ROJA/MAJ/TAMB/LOC/CAM/MIL,2022,5,13,1.5,2.1,1.78
CEBOLLA CHINA (CRIOLLA/SERRANA),2022,5,13,2.0,2.5,2.38
PAPA AMARILLA,2022,5,13,1.4,1.9,1.65
PAPA BLANCA/VALLE/OTROS,2022,5,13,1.3,1.6,1.45
PAPA COLOR/VALLE/OTROS,2022,5,13,1.5,1.8,1.65
PAPA HUAYRO (ROJO-MORO-NEGRO)RUNT/MARH/U,2022,5,13,1.4,1.7,1.55
PAPA HUAMANTANGA,2022,5,13,1.5,1.8,1.65
PAPA NEGRA ANDINA,2022,5,13,1.4,1.7,1.55
PAPA PERUANITA (INJERTO),2022,5,13,1.4,1.8,1.6
PAPA YUNGAY,2022,5,13,1.3,1.6,1.45
PAPA UNICA,2022,5,13,1.3,1.6,1.45
PAPA CANCHAN,2022,5,13,1.3,1.6,1.45
CEBOLLA CABEZA BLANCA NACIONAL,2022,5,14,1.6,2.3,1.9
CEBOLLA CABEZA ROJA/MAJ/TAMB/LOC/CAM/MIL,2022,5,14,1.6,2.1,1.8
CEBOLLA CHINA (CRIOLLA/SERRANA),2022,5,14,1.5,2.0,1.75
PAPA AMARILLA,2022,5,14,1.5,1.9,1.7
PAPA BLANCA/VALLE/OTROS,2022,5,14,1.3,1.6,1.45
PAPA COLOR/VALLE/OTROS,2022,5,14,1.5,1.8,1.65
PAPA HUAYRO (ROJO-MORO-NEGRO)RUNT/MARH/U,2022,5,14,1.4,1.7,1.55
PAPA HUAMANTANGA,2022,5,14,1.5,1.8,1.65
PAPA NEGRA ANDINA,2022,5,14,1.4,1.7,1.55
PAPA PERUANITA (INJERTO),2022,5,14,1.4,1.8,1.6
PAPA YUNGAY,2022,5,14,1.3,1.6,1.45
PAPA UNICA,2022,5,14,1.4,1.6,1.5
PAPA CANCHAN,2022,5,14,1.3,1.6,1.45
CEBOLLA CABEZA BLANCA NACIONAL,2022,5,15,1.6,2.3,1.9
CEBOLLA CABEZA ROJA/MAJ/TAMB/LOC/CAM/MIL,2022,5,15,1.6,2.1,1.8
CEBOLLA CHINA (CRIOLLA/SERRANA),2022,5,15,1.5,2.0,1.75
PAPA AMARILLA,2022,5,15,1.5,1.9,1.7
PAPA BLANCA/VALLE/OTROS,2022,5,15,1.3,1.6,1.45
PAPA COLOR/VALLE/OTROS,2022,5,15,1.5,1.8,1.65
PAPA HUAYRO (ROJO-MORO-NEGRO)RUNT/MARH/U,2022,5,15,1.4,1.7,1.55
PAPA HUAMANTANGA,2022,5,15,1.5,1.8,1.65
PAPA NEGRA ANDINA,2022,5,15,1.4,1.7,1.55
PAPA PERUANITA (INJERTO),2022,5,15,1.4,1.8,1.6
PAPA YUNGAY,2022,5,15,1.3,1.6,1.45
PAPA UNICA,2022,5,15,1.4,1.6,1.5
PAPA CANCHAN,2022,5,15,1.3,1.6,1.45
CEBOLLA CABEZA BLANCA NACIONAL,2022,5,16,1.7,2.3,1.95
CEBOLLA CABEZA ROJA/MAJ/TAMB/LOC/CAM/MIL,2022,5,16,1.6,2.2,1.83
CEBOLLA CHINA (CRIOLLA/SERRANA),2022,5,16,1.5,2.5,2.0
PAPA AMARILLA,2022,5,16,1.7,2.3,1.95
PAPA BLANCA/VALLE/OTROS,2022,5,16,1.3,1.7,1.48
PAPA COLOR/VALLE/OTROS,2022,5,16,1.5,1.8,1.65
PAPA HUAYRO (ROJO-MORO-NEGRO)RUNT/MARH/U,2022,5,16,1.4,1.7,1.55
PAPA HUAMANTANGA,2022,5,16,1.5,1.8,1.65
PAPA NEGRA ANDINA,2022,5,16,1.4,1.8,1.58
PAPA PERUANITA (INJERTO),2022,5,16,1.5,1.8,1.65
PAPA YUNGAY,2022,5,16,1.4,1.7,1.55
PAPA UNICA,2022,5,16,1.4,1.7,1.55
PAPA CANCHAN,2022,5,16,1.4,1.6,1.5
CEBOLLA CABEZA BLANCA NACIONAL,2022,5,17,1.7,2.3,1.95
CEBOLLA CABEZA ROJA/MAJ/TAMB/LOC/CAM/MIL,2022,5,17,1.7,2.2,1.9
CEBOLLA CHINA (CRIOLLA/SERRANA),2022,5,17,1.5,2.5,2.0
PAPA AMARILLA,2022,5,17,1.8,2.4,2.1
PAPA BLANCA/VALLE/OTROS,2022,5,17,1.3,1.8,1.5
PAPA COLOR/VALLE/OTROS,2022,5,17,1.5,1.8,1.65
PAPA HUAYRO (ROJO-MORO-NEGRO)RUNT/MARH/U,2022,5,17,1.5,2.0,1.73
PAPA HUAMANTANGA,2022,5,17,1.5,1.8,1.65
PAPA NEGRA ANDINA,2022,5,17,1.4,1.8,1.58
PAPA PERUANITA (INJERTO),2022,5,17,1.5,1.9,1.7
PAPA YUNGAY,2022,5,17,1.4,1.8,1.6
PAPA UNICA,2022,5,17,1.4,1.7,1.55
PAPA CANCHAN,2022,5,17,1.4,1.7,1.55
CEBOLLA CABEZA BLANCA NACIONAL,2022,5,18,1.7,2.3,1.95
CEBOLLA CABEZA ROJA/MAJ/TAMB/LOC/CAM/MIL,2022,5,18,1.7,2.2,1.9
CEBOLLA CHINA (CRIOLLA/SERRANA),2022,5,18,1.5,2.0,1.75
PAPA AMARILLA,2022,5,18,1.8,2.5,2.15
PAPA BLANCA/VALLE/OTROS,2022,5,18,1.3,1.8,1.5
PAPA COLOR/VALLE/OTROS,2022,5,18,1.5,1.8,1.65
PAPA HUAYRO (ROJO-MORO-NEGRO)RUNT/MARH/U,2022,5,18,1.5,2.1,1.75
PAPA HUAMANTANGA,2022,5,18,1.5,1.8,1.65
PAPA NEGRA ANDINA,2022,5,18,1.4,1.8,1.6
PAPA PERUANITA (INJERTO),2022,5,18,1.5,2.0,1.75
PAPA YUNGAY,2022,5,18,1.4,1.8,1.6
PAPA UNICA,2022,5,18,1.4,1.7,1.55
PAPA CANCHAN,2022,5,18,1.4,1.7,1.55
CEBOLLA CABEZA BLANCA NACIONAL,2022,5,19,1.7,2.4,1.98
CEBOLLA CABEZA ROJA/MAJ/TAMB/LOC/CAM/MIL,2022,5,19,1.7,2.1,1.88
CEBOLLA CHINA (CRIOLLA/SERRANA),2022,5,19,1.0,2.0,1.63
PAPA AMARILLA,2022,5,19,1.9,2.5,2.18
PAPA BLANCA/VALLE/OTROS,2022,5,19,1.4,1.8,1.58
PAPA COLOR/VALLE/OTROS,2022,5,19,1.5,1.8,1.65
PAPA HUAYRO (ROJO-MORO-NEGRO)RUNT/MARH/U,2022,5,19,1.5,2.1,1.8
PAPA HUAMANTANGA,2022,5,19,1.5,1.8,1.65
PAPA NEGRA ANDINA,2022,5,19,1.4,1.8,1.6
PAPA PERUANITA (INJERTO),2022,5,19,1.6,2.0,1.8
PAPA YUNGAY,2022,5,19,1.4,1.8,1.6
PAPA UNICA,2022,5,19,1.4,1.7,1.55
PAPA CANCHAN,2022,5,19,1.4,1.7,1.55
CEBOLLA CABEZA BLANCA NACIONAL,2022,5,20,1.7,2.4,1.98
CEBOLLA CABEZA ROJA/MAJ/TAMB/LOC/CAM/MIL,2022,5,20,1.7,2.1,1.88
CEBOLLA CHINA (CRIOLLA/SERRANA),2022,5,20,1.0,2.0,1.63
PAPA AMARILLA,2022,5,20,1.9,2.5,2.18
PAPA BLANCA/VALLE/OTROS,2022,5,20,1.4,1.8,1.58
PAPA COLOR/VALLE/OTROS,2022,5,20,1.5,1.8,1.65
PAPA HUAYRO (ROJO-MORO-NEGRO)RUNT/MARH/U,2022,5,20,1.6,2.1,1.85
PAPA HUAMANTANGA,2022,5,20,1.5,1.8,1.65
PAPA NEGRA ANDINA,2022,5,20,1.4,1.8,1.6
PAPA PERUANITA (INJERTO),2022,5,20,1.6,2.0,1.8
PAPA YUNGAY,2022,5,20,1.4,1.8,1.6
PAPA UNICA,2022,5,20,1.4,1.7,1.55
PAPA CANCHAN,2022,5,20,1.4,1.7,1.55
CEBOLLA CABEZA BLANCA NACIONAL,2022,5,21,1.7,2.4,1.98
CEBOLLA CABEZA ROJA/MAJ/TAMB/LOC/CAM/MIL,2022,5,21,1.8,2.1,1.95
CEBOLLA CHINA (CRIOLLA/SERRANA),2022,5,21,1.0,2.0,1.63
PAPA AMARILLA,2022,5,21,2.0,2.5,2.2
PAPA BLANCA/VALLE/OTROS,2022,5,21,1.4,1.8,1.58
PAPA COLOR/VALLE/OTROS,2022,5,21,1.5,1.8,1.65
PAPA HUAYRO (ROJO-MORO-NEGRO)RUNT/MARH/U,2022,5,21,1.7,2.1,1.9
PAPA HUAMANTANGA,2022,5,21,1.5,1.8,1.65
PAPA NEGRA ANDINA,2022,5,21,1.4,1.8,1.6
PAPA PERUANITA (INJERTO),2022,5,21,1.6,2.0,1.83
PAPA YUNGAY,2022,5,21,1.4,1.8,1.6
PAPA UNICA,2022,5,21,1.4,1.7,1.55
PAPA CANCHAN,2022,5,21,1.4,1.7,1.55
CEBOLLA CABEZA BLANCA NACIONAL,2022,5,22,1.7,2.4,1.98
CEBOLLA CABEZA ROJA/MAJ/TAMB/LOC/CAM/MIL,2022,5,22,1.8,2.1,1.95
CEBOLLA CHINA (CRIOLLA/SERRANA),2022,5,22,1.0,2.0,1.63
PAPA AMARILLA,2022,5,22,2.0,2.5,2.2
PAPA BLANCA/VALLE/OTROS,2022,5,22,1.4,1.8,1.58
PAPA COLOR/VALLE/OTROS,2022,5,22,1.5,1.8,1.65
PAPA HUAYRO (ROJO-MORO-NEGRO)RUNT/MARH/U,2022,5,22,1.7,2.1,1.9
PAPA HUAMANTANGA,2022,5,22,1.5,1.8,1.65
PAPA NEGRA ANDINA,2022,5,22,1.4,1.8,1.6
PAPA PERUANITA (INJERTO),2022,5,22,1.6,2.0,1.83
PAPA YUNGAY,2022,5,22,1.4,1.8,1.6
PAPA UNICA,2022,5,22,1.4,1.7,1.55
PAPA CANCHAN,2022,5,22,1.4,1.7,1.55
CEBOLLA CABEZA BLANCA NACIONAL,2022,5,23,1.7,2.4,1.98
CEBOLLA CABEZA ROJA/MAJ/TAMB/LOC/CAM/MIL,2022,5,23,1.8,2.2,1.98
CEBOLLA CHINA (CRIOLLA/SERRANA),2022,5,23,1.5,2.0,1.75
PAPA AMARILLA,2022,5,23,2.0,2.5,2.23
PAPA BLANCA/VALLE/OTROS,2022,5,23,1.45,1.8,1.59
PAPA COLOR/VALLE/OTROS,2022,5,23,1.5,1.8,1.65
PAPA HUAYRO (ROJO-MORO-NEGRO)RUNT/MARH/U,2022,5,23,1.7,2.1,1.88
PAPA HUAMANTANGA,2022,5,23,1.5,1.8,1.65
PAPA NEGRA ANDINA,2022,5,23,1.5,1.8,1.65
PAPA PERUANITA (INJERTO),2022,5,23,1.6,2.0,1.83
PAPA YUNGAY,2022,5,23,1.4,1.8,1.58
PAPA UNICA,2022,5,23,1.4,1.7,1.55
PAPA CANCHAN,2022,5,23,1.45,1.7,1.56
CEBOLLA CABEZA BLANCA NACIONAL,2022,5,24,1.7,2.5,2.08
CEBOLLA CABEZA ROJA/MAJ/TAMB/LOC/CAM/MIL,2022,5,24,1.8,2.3,2.0
CEBOLLA CHINA (CRIOLLA/SERRANA),2022,5,24,1.5,2.0,1.75
PAPA AMARILLA,2022,5,24,2.0,2.5,2.25
PAPA BLANCA/VALLE/OTROS,2022,5,24,1.45,1.8,1.59
PAPA COLOR/VALLE/OTROS,2022,5,24,1.5,1.8,1.65
PAPA HUAYRO (ROJO-MORO-NEGRO)RUNT/MARH/U,2022,5,24,1.7,2.1,1.9
PAPA HUAMANTANGA,2022,5,24,1.5,1.8,1.65
PAPA NEGRA ANDINA,2022,5,24,1.5,1.8,1.65
PAPA PERUANITA (INJERTO),2022,5,24,1.6,2.1,1.88
PAPA YUNGAY,2022,5,24,1.4,1.8,1.58
PAPA UNICA,2022,5,24,1.4,1.8,1.58
PAPA CANCHAN,2022,5,24,1.45,1.7,1.56
CEBOLLA CABEZA BLANCA NACIONAL,2022,5,25,1.7,2.5,2.1
CEBOLLA CABEZA ROJA/MAJ/TAMB/LOC/CAM/MIL,2022,5,25,1.8,2.4,2.03
CEBOLLA CHINA (CRIOLLA/SERRANA),2022,5,25,1.5,2.0,1.75
PAPA AMARILLA,2022,5,25,2.0,2.5,2.25
PAPA BLANCA/VALLE/OTROS,2022,5,25,1.5,1.8,1.6
PAPA COLOR/VALLE/OTROS,2022,5,25,1.5,1.8,1.65
PAPA HUAYRO (ROJO-MORO-NEGRO)RUNT/MARH/U,2022,5,25,1.7,2.2,1.93
PAPA HUAMANTANGA,2022,5,25,1.5,1.8,1.65
PAPA NEGRA ANDINA,2022,5,25,1.5,1.8,1.65
PAPA PERUANITA (INJERTO),2022,5,25,1.6,2.1,1.88
PAPA YUNGAY,2022,5,25,1.5,1.8,1.65
PAPA UNICA,2022,5,25,1.45,1.8,1.59
PAPA CANCHAN,2022,5,25,1.4,1.8,1.58
CEBOLLA CABEZA BLANCA NACIONAL,2022,5,26,1.7,2.5,2.1
CEBOLLA CABEZA ROJA/MAJ/TAMB/LOC/CAM/MIL,2022,5,26,1.8,2.4,2.03
CEBOLLA CHINA (CRIOLLA/SERRANA),2022,5,26,1.5,2.0,1.75
PAPA AMARILLA,2022,5,26,2.0,2.4,2.23
PAPA BLANCA/VALLE/OTROS,2022,5,26,1.5,1.8,1.6
PAPA COLOR/VALLE/OTROS,2022,5,26,1.5,1.8,1.65
PAPA HUAYRO (ROJO-MORO-NEGRO)RUNT/MARH/U,2022,5,26,1.7,2.2,1.93
PAPA HUAMANTANGA,2022,5,26,1.5,1.8,1.65
PAPA NEGRA ANDINA,2022,5,26,1.5,1.8,1.65
PAPA PERUANITA (INJERTO),2022,5,26,1.6,2.1,1.88
PAPA YUNGAY,2022,5,26,1.5,1.8,1.65
PAPA UNICA,2022,5,26,1.4,1.8,1.58
PAPA CANCHAN,2022,5,26,1.4,1.8,1.58
CEBOLLA CABEZA BLANCA NACIONAL,2022,5,27,1.8,2.6,2.15
CEBOLLA CABEZA ROJA/MAJ/TAMB/LOC/CAM/MIL,2022,5,27,1.8,2.5,2.05
CEBOLLA CHINA (CRIOLLA/SERRANA),2022,5,27,1.5,2.0,1.75
PAPA AMARILLA,2022,5,27,2.0,2.5,2.23
PAPA BLANCA/VALLE/OTROS,2022,5,27,1.5,1.8,1.6
PAPA COLOR/VALLE/OTROS,2022,5,27,1.5,1.8,1.65
PAPA HUAYRO (ROJO-MORO-NEGRO)RUNT/MARH/U,2022,5,27,1.7,2.2,1.93
PAPA HUAMANTANGA,2022,5,27,1.5,1.8,1.65
PAPA NEGRA ANDINA,2022,5,27,1.5,1.8,1.63
PAPA PERUANITA (INJERTO),2022,5,27,1.6,2.1,1.88
PAPA YUNGAY,2022,5,27,1.5,1.8,1.65
PAPA UNICA,2022,5,27,1.5,1.8,1.65
PAPA CANCHAN,2022,5,27,1.4,1.8,1.58
CEBOLLA CABEZA BLANCA NACIONAL,2022,5,28,1.8,2.6,2.15
CEBOLLA CABEZA ROJA/MAJ/TAMB/LOC/CAM/MIL,2022,5,28,1.8,2.5,2.05
CEBOLLA CHINA (CRIOLLA/SERRANA),2022,5,28,1.5,2.0,1.75
PAPA AMARILLA,2022,5,28,2.0,2.5,2.23
PAPA BLANCA/VALLE/OTROS,2022,5,28,1.5,1.8,1.6
PAPA COLOR/VALLE/OTROS,2022,5,28,1.5,1.8,1.65
PAPA HUAYRO (ROJO-MORO-NEGRO)RUNT/MARH/U,2022,5,28,1.7,2.2,1.93
PAPA HUAMANTANGA,2022,5,28,1.5,1.8,1.65
PAPA NEGRA ANDINA,2022,5,28,1.4,1.8,1.58
PAPA PERUANITA (INJERTO),2022,5,28,1.6,2.1,1.88
PAPA YUNGAY,2022,5,28,1.5,1.8,1.63
PAPA UNICA,2022,5,28,1.5,1.8,1.65
PAPA CANCHAN,2022,5,28,1.4,1.7,1.55
CEBOLLA CABEZA BLANCA NACIONAL,2022,5,29,1.8,2.6,2.15
CEBOLLA CABEZA ROJA/MAJ/TAMB/LOC/CAM/MIL,2022,5,29,1.8,2.5,2.05
CEBOLLA CHINA (CRIOLLA/SERRANA),2022,5,29,1.5,2.0,1.75
PAPA AMARILLA,2022,5,29,2.0,2.5,2.23
PAPA BLANCA/VALLE/OTROS,2022,5,29,1.5,1.8,1.6
PAPA COLOR/VALLE/OTROS,2022,5,29,1.5,1.8,1.65
PAPA HUAYRO (ROJO-MORO-NEGRO)RUNT/MARH/U,2022,5,29,1.7,2.2,1.93
PAPA HUAMANTANGA,2022,5,29,1.5,1.8,1.65
PAPA NEGRA ANDINA,2022,5,29,1.4,1.8,1.58
PAPA PERUANITA (INJERTO),2022,5,29,1.6,2.1,1.88
PAPA YUNGAY,2022,5,29,1.5,1.8,1.63
PAPA UNICA,2022,5,29,1.5,1.8,1.65
PAPA CANCHAN,2022,5,29,1.4,1.7,1.55
CEBOLLA CABEZA BLANCA NACIONAL,2022,5,30,1.8,2.6,2.15
CEBOLLA CABEZA ROJA/MAJ/TAMB/LOC/CAM/MIL,2022,5,30,1.9,2.5,2.18
CEBOLLA CHINA (CRIOLLA/SERRANA),2022,5,30,1.0,2.0,1.63
PAPA AMARILLA,2022,5,30,2.0,2.5,2.23
PAPA BLANCA/VALLE/OTROS,2022,5,30,1.4,1.8,1.58
PAPA COLOR/VALLE/OTROS,2022,5,30,1.5,1.8,1.65
PAPA HUAYRO (ROJO-MORO-NEGRO)RUNT/MARH/U,2022,5,30,1.7,2.2,1.93
PAPA HUAMANTANGA,2022,5,30,1.5,1.8,1.65
PAPA NEGRA ANDINA,2022,5,30,1.35,1.8,1.56
PAPA PERUANITA (INJERTO),2022,5,30,1.7,2.1,1.9
PAPA YUNGAY,2022,5,30,1.4,1.8,1.58
PAPA UNICA,2022,5,30,1.4,1.8,1.63
PAPA CANCHAN,2022,5,30,1.35,1.7,1.51
CEBOLLA CABEZA BLANCA NACIONAL,2022,5,31,1.9,2.7,2.25
CEBOLLA CABEZA ROJA/MAJ/TAMB/LOC/CAM/MIL,2022,5,31,2.0,2.5,2.23
CEBOLLA CHINA (CRIOLLA/SERRANA),2022,5,31,1.0,2.0,1.63
PAPA AMARILLA,2022,5,31,2.1,2.6,2.3
PAPA BLANCA/VALLE/OTROS,2022,5,31,1.4,1.8,1.58
PAPA COLOR/VALLE/OTROS,2022,5,31,1.5,1.8,1.65
PAPA HUAYRO (ROJO-MORO-NEGRO)RUNT/MARH/U,2022,5,31,1.7,2.2,1.93
PAPA HUAMANTANGA,2022,5,31,1.5,1.8,1.65
PAPA NEGRA ANDINA,2022,5,31,1.4,1.8,1.58
PAPA PERUANITA (INJERTO),2022,5,31,1.7,2.1,1.9
PAPA YUNGAY,2022,5,31,1.4,1.7,1.55
PAPA UNICA,2022,5,31,1.4,1.8,1.63
PAPA CANCHAN,2022,5,31,1.3,1.7,1.5
CEBOLLA CABEZA BLANCA NACIONAL,2022,6,1,1.9,2.7,2.25
CEBOLLA CABEZA ROJA/MAJ/TAMB/LOC/CAM/MIL,2022,6,1,2.0,2.5,2.23
CEBOLLA CHINA (CRIOLLA/SERRANA),2022,6,1,1.5,2.5,2.0
PAPA AMARILLA,2022,6,1,2.1,2.6,2.3
PAPA BLANCA/VALLE/OTROS,2022,6,1,1.4,1.8,1.58
PAPA COLOR/VALLE/OTROS,2022,6,1,1.5,1.8,1.65
PAPA HUAYRO (ROJO-MORO-NEGRO)RUNT/MARH/U,2022,6,1,1.7,2.1,1.9
PAPA HUAMANTANGA,2022,6,1,1.5,1.8,1.65
PAPA NEGRA ANDINA,2022,6,1,1.4,1.8,1.58
PAPA PERUANITA (INJERTO),2022,6,1,1.7,2.2,1.93
PAPA YUNGAY,2022,6,1,1.4,1.7,1.55
PAPA UNICA,2022,6,1,1.4,1.8,1.63
PAPA CANCHAN,2022,6,1,1.3,1.7,1.5
CEBOLLA CABEZA BLANCA NACIONAL,2022,6,2,1.9,2.7,2.25
CEBOLLA CABEZA ROJA/MAJ/TAMB/LOC/CAM/MIL,2022,6,2,2.0,2.5,2.25
CEBOLLA CHINA (CRIOLLA/SERRANA),2022,6,2,1.5,2.0,1.75
PAPA AMARILLA,2022,6,2,2.1,2.5,2.3
PAPA BLANCA/VALLE/OTROS,2022,6,2,1.4,1.7,1.55
PAPA COLOR/VALLE/OTROS,2022,6,2,1.5,1.8,1.65
PAPA HUAYRO (ROJO-MORO-NEGRO)RUNT/MARH/U,2022,6,2,1.7,2.2,1.93
PAPA HUAMANTANGA,2022,6,2,1.5,1.8,1.65
PAPA NEGRA ANDINA,2022,6,2,1.4,1.7,1.55
PAPA PERUANITA (INJERTO),2022,6,2,1.7,2.2,1.93
PAPA YUNGAY,2022,6,2,1.3,1.6,1.45
PAPA UNICA,2022,6,2,1.4,1.7,1.55
PAPA CANCHAN,2022,6,2,1.3,1.6,1.45
CEBOLLA CABEZA BLANCA NACIONAL,2022,6,3,1.9,2.7,2.25
CEBOLLA CABEZA ROJA/MAJ/TAMB/LOC/CAM/MIL,2022,6,3,2.0,2.5,2.25
CEBOLLA CHINA (CRIOLLA/SERRANA),2022,6,3,1.5,2.0,1.75
PAPA AMARILLA,2022,6,3,2.1,2.5,2.3
PAPA BLANCA/VALLE/OTROS,2022,6,3,1.4,1.6,1.53
PAPA COLOR/VALLE/OTROS,2022,6,3,1.5,1.8,1.65
PAPA HUAYRO (ROJO-MORO-NEGRO)RUNT/MARH/U,2022,6,3,1.7,2.2,1.93
PAPA HUAMANTANGA,2022,6,3,1.5,1.8,1.65
PAPA NEGRA ANDINA,2022,6,3,1.4,1.6,1.5
PAPA PERUANITA (INJERTO),2022,6,3,1.7,2.2,1.93
PAPA YUNGAY,2022,6,3,1.3,1.6,1.45
PAPA UNICA,2022,6,3,1.4,1.7,1.55
PAPA CANCHAN,2022,6,3,1.3,1.6,1.45
CEBOLLA CABEZA BLANCA NACIONAL,2022,6,4,1.9,2.7,2.25
CEBOLLA CABEZA ROJA/MAJ/TAMB/LOC/CAM/MIL,2022,6,4,2.0,2.5,2.23
CEBOLLA CHINA (CRIOLLA/SERRANA),2022,6,4,1.5,2.0,1.75
PAPA AMARILLA,2022,6,4,2.1,2.5,2.28
PAPA BLANCA/VALLE/OTROS,2022,6,4,1.4,1.6,1.53
PAPA COLOR/VALLE/OTROS,2022,6,4,1.5,1.8,1.65
PAPA HUAYRO (ROJO-MORO-NEGRO)RUNT/MARH/U,2022,6,4,1.7,2.2,1.93
PAPA HUAMANTANGA,2022,6,4,1.5,1.8,1.65
PAPA NEGRA ANDINA,2022,6,4,1.4,1.6,1.5
PAPA PERUANITA (INJERTO),2022,6,4,1.7,2.2,1.93
PAPA YUNGAY,2022,6,4,1.3,1.6,1.45
PAPA UNICA,2022,6,4,1.4,1.7,1.55
PAPA CANCHAN,2022,6,4,1.3,1.6,1.45
CEBOLLA CABEZA BLANCA NACIONAL,2022,6,5,1.9,2.7,2.25
CEBOLLA CABEZA ROJA/MAJ/TAMB/LOC/CAM/MIL,2022,6,5,2.0,2.5,2.23
CEBOLLA CHINA (CRIOLLA/SERRANA),2022,6,5,1.5,2.0,1.75
PAPA AMARILLA,2022,6,5,2.1,2.5,2.28
PAPA BLANCA/VALLE/OTROS,2022,6,5,1.4,1.6,1.53
PAPA COLOR/VALLE/OTROS,2022,6,5,1.5,1.8,1.65
PAPA HUAYRO (ROJO-MORO-NEGRO)RUNT/MARH/U,2022,6,5,1.7,2.2,1.93
PAPA HUAMANTANGA,2022,6,5,1.5,1.8,1.65
PAPA NEGRA ANDINA,2022,6,5,1.4,1.6,1.5
PAPA PERUANITA (INJERTO),2022,6,5,1.7,2.2,1.93
PAPA YUNGAY,2022,6,5,1.3,1.6,1.45
PAPA UNICA,2022,6,5,1.4,1.7,1.55
PAPA CANCHAN,2022,6,5,1.3,1.6,1.45
CEBOLLA CABEZA BLANCA NACIONAL,2022,6,6,1.9,2.8,2.3
CEBOLLA CABEZA ROJA/MAJ/TAMB/LOC/CAM/MIL,2022,6,6,2.0,2.5,2.2
CEBOLLA CHINA (CRIOLLA/SERRANA),2022,6,6,1.5,2.0,1.75
PAPA AMARILLA,2022,6,6,2.1,2.5,2.28
PAPA BLANCA/VALLE/OTROS,2022,6,6,1.3,1.6,1.45
PAPA COLOR/VALLE/OTROS,2022,6,6,1.5,1.8,1.65
PAPA HUAYRO (ROJO-MORO-NEGRO)RUNT/MARH/U,2022,6,6,1.7,2.1,1.9
PAPA HUAMANTANGA,2022,6,6,1.5,1.8,1.65
PAPA NEGRA ANDINA,2022,6,6,1.3,1.6,1.45
PAPA PERUANITA (INJERTO),2022,6,6,1.7,2.2,1.93
PAPA YUNGAY,2022,6,6,1.2,1.5,1.35
PAPA UNICA,2022,6,6,1.3,1.6,1.48
PAPA CANCHAN,2022,6,6,1.2,1.5,1.35
CEBOLLA CABEZA BLANCA NACIONAL,2022,6,7,1.9,2.8,2.3
CEBOLLA CABEZA ROJA/MAJ/TAMB/LOC/CAM/MIL,2022,6,7,2.0,2.5,2.2
CEBOLLA CHINA (CRIOLLA/SERRANA),2022,6,7,1.5,2.0,1.75
PAPA AMARILLA,2022,6,7,2.1,2.5,2.28
PAPA BLANCA/VALLE/OTROS,2022,6,7,1.3,1.5,1.4
PAPA COLOR/VALLE/OTROS,2022,6,7,1.4,1.8,1.6
PAPA HUAYRO (ROJO-MORO-NEGRO)RUNT/MARH/U,2022,6,7,1.7,2.1,1.9
PAPA HUAMANTANGA,2022,6,7,1.5,1.8,1.65
PAPA NEGRA ANDINA,2022,6,7,1.3,1.6,1.45
PAPA PERUANITA (INJERTO),2022,6,7,1.7,2.2,1.93
PAPA YUNGAY,2022,6,7,1.2,1.5,1.35
PAPA UNICA,2022,6,7,1.3,1.5,1.43
PAPA CANCHAN,2022,6,7,1.2,1.5,1.35
CEBOLLA CABEZA BLANCA NACIONAL,2022,6,8,1.9,2.8,2.3
CEBOLLA CABEZA ROJA/MAJ/TAMB/LOC/CAM/MIL,2022,6,8,1.9,2.5,2.15
CEBOLLA CHINA (CRIOLLA/SERRANA),2022,6,8,1.0,2.0,1.5
PAPA AMARILLA,2022,6,8,2.0,2.5,2.23
PAPA BLANCA/VALLE/OTROS,2022,6,8,1.2,1.5,1.35
PAPA COLOR/VALLE/OTROS,2022,6,8,1.3,1.7,1.5
PAPA HUAYRO (ROJO-MORO-NEGRO)RUNT/MARH/U,2022,6,8,1.6,2.1,1.88
PAPA HUAMANTANGA,2022,6,8,1.5,1.8,1.65
PAPA NEGRA ANDINA,2022,6,8,1.3,1.6,1.45
PAPA PERUANITA (INJERTO),2022,6,8,1.6,2.2,1.88
PAPA YUNGAY,2022,6,8,1.2,1.5,1.35
PAPA UNICA,2022,6,8,1.2,1.5,1.35
PAPA CANCHAN,2022,6,8,1.2,1.5,1.35
CEBOLLA CABEZA BLANCA NACIONAL,2022,6,9,1.8,2.8,2.28
CEBOLLA CABEZA ROJA/MAJ/TAMB/LOC/CAM/MIL,2022,6,9,1.8,2.5,2.13
CEBOLLA CHINA (CRIOLLA/SERRANA),2022,6,9,1.0,2.0,1.5
PAPA AMARILLA,2022,6,9,2.0,2.5,2.25
PAPA BLANCA/VALLE/OTROS,2022,6,9,1.2,1.5,1.35
PAPA COLOR/VALLE/OTROS,2022,6,9,1.3,1.6,1.45
PAPA HUAYRO (ROJO-MORO-NEGRO)RUNT/MARH/U,2022,6,9,1.6,2.1,1.85
PAPA HUAMANTANGA,2022,6,9,1.5,1.8,1.65
PAPA NEGRA ANDINA,2022,6,9,1.3,1.6,1.45
PAPA PERUANITA (INJERTO),2022,6,9,1.6,2.1,1.85
PAPA YUNGAY,2022,6,9,1.2,1.5,1.35
PAPA UNICA,2022,6,9,1.2,1.5,1.35
PAPA CANCHAN,2022,6,9,1.2,1.5,1.35
CEBOLLA CABEZA BLANCA NACIONAL,2022,6,10,1.8,2.8,2.28
CEBOLLA CABEZA ROJA/MAJ/TAMB/LOC/CAM/MIL,2022,6,10,1.8,2.5,2.15
CEBOLLA CHINA (CRIOLLA/SERRANA),2022,6,10,1.0,2.0,1.5
PAPA AMARILLA,2022,6,10,2.0,2.5,2.25
PAPA BLANCA/VALLE/OTROS,2022,6,10,1.2,1.5,1.35
PAPA COLOR/VALLE/OTROS,2022,6,10,1.3,1.6,1.45
PAPA HUAYRO (ROJO-MORO-NEGRO)RUNT/MARH/U,2022,6,10,1.6,2.0,1.8
PAPA HUAMANTANGA,2022,6,10,1.5,1.8,1.65
PAPA NEGRA ANDINA,2022,6,10,1.3,1.6,1.45
PAPA PERUANITA (INJERTO),2022,6,10,1.6,2.1,1.83
PAPA YUNGAY,2022,6,10,1.2,1.5,1.35
PAPA UNICA,2022,6,10,1.2,1.5,1.35
PAPA CANCHAN,2022,6,10,1.2,1.5,1.35
CEBOLLA CABEZA BLANCA NACIONAL,2022,6,11,1.8,2.8,2.28
CEBOLLA CABEZA ROJA/MAJ/TAMB/LOC/CAM/MIL,2022,6,11,1.9,2.5,2.18
CEBOLLA CHINA (CRIOLLA/SERRANA),2022,6,11,1.0,2.0,1.5
PAPA AMARILLA,2022,6,11,2.0,2.5,2.28
PAPA BLANCA/VALLE/OTROS,2022,6,11,1.2,1.6,1.38
PAPA COLOR/VALLE/OTROS,2022,6,11,1.3,1.7,1.5
PAPA HUAYRO (ROJO-MORO-NEGRO)RUNT/MARH/U,2022,6,11,1.7,2.0,1.85
PAPA HUAMANTANGA,2022,6,11,1.5,1.8,1.65
PAPA NEGRA ANDINA,2022,6,11,1.3,1.7,1.48
PAPA PERUANITA (INJERTO),2022,6,11,1.7,2.1,1.88
PAPA YUNGAY,2022,6,11,1.2,1.6,1.4
PAPA UNICA,2022,6,11,1.3,1.5,1.38
PAPA CANCHAN,2022,6,11,1.2,1.6,1.38
CEBOLLA CABEZA BLANCA NACIONAL,2022,6,12,1.8,2.8,2.28
CEBOLLA CABEZA ROJA/MAJ/TAMB/LOC/CAM/MIL,2022,6,12,1.9,2.5,2.18
CEBOLLA CHINA (CRIOLLA/SERRANA),2022,6,12,1.0,2.0,1.5
PAPA AMARILLA,2022,6,12,2.0,2.5,2.28
PAPA BLANCA/VALLE/OTROS,2022,6,12,1.2,1.6,1.38
PAPA COLOR/VALLE/OTROS,2022,6,12,1.3,1.7,1.5
PAPA HUAYRO (ROJO-MORO-NEGRO)RUNT/MARH/U,2022,6,12,1.7,2.0,1.85
PAPA HUAMANTANGA,2022,6,12,1.5,1.8,1.65
PAPA NEGRA ANDINA,2022,6,12,1.3,1.7,1.48
PAPA PERUANITA (INJERTO),2022,6,12,1.7,2.1,1.88
PAPA YUNGAY,2022,6,12,1.2,1.6,1.4
PAPA UNICA,2022,6,12,1.3,1.5,1.38
PAPA CANCHAN,2022,6,12,1.2,1.6,1.38
CEBOLLA CABEZA BLANCA NACIONAL,2022,6,13,1.8,2.8,2.28
CEBOLLA CABEZA ROJA/MAJ/TAMB/LOC/CAM/MIL,2022,6,13,1.9,2.5,2.18
CEBOLLA CHINA (CRIOLLA/SERRANA),2022,6,13,1.5,2.0,1.75
PAPA AMARILLA,2022,6,13,2.0,2.5,2.28
PAPA BLANCA/VALLE/OTROS,2022,6,13,1.2,1.5,1.35
PAPA COLOR/VALLE/OTROS,2022,6,13,1.3,1.7,1.5
PAPA HUAYRO (ROJO-MORO-NEGRO)RUNT/MARH/U,2022,6,13,1.6,2.0,1.83
PAPA HUAMANTANGA,2022,6,13,1.5,1.8,1.65
PAPA NEGRA ANDINA,2022,6,13,1.3,1.7,1.48
PAPA PERUANITA (INJERTO),2022,6,13,1.7,2.1,1.88
PAPA YUNGAY,2022,6,13,1.2,1.5,1.35
PAPA UNICA,2022,6,13,1.3,1.5,1.38
PAPA CANCHAN,2022,6,13,1.2,1.5,1.35
CEBOLLA CABEZA BLANCA NACIONAL,2022,6,14,1.8,2.8,2.28
CEBOLLA CABEZA ROJA/MAJ/TAMB/LOC/CAM/MIL,2022,6,14,1.8,2.5,2.15
CEBOLLA CHINA (CRIOLLA/SERRANA),2022,6,14,1.0,2.0,1.63
PAPA AMARILLA,2022,6,14,2.2,2.5,2.35
PAPA BLANCA/VALLE/OTROS,2022,6,14,1.2,1.5,1.35
PAPA COLOR/VALLE/OTROS,2022,6,14,1.4,1.7,1.55
PAPA HUAYRO (ROJO-MORO-NEGRO)RUNT/MARH/U,2022,6,14,1.7,2.0,1.85
PAPA HUAMANTANGA,2022,6,14,1.5,1.8,1.65
PAPA NEGRA ANDINA,2022,6,14,1.3,1.6,1.45
PAPA PERUANITA (INJERTO),2022,6,14,1.7,2.1,1.88
PAPA YUNGAY,2022,6,14,1.2,1.5,1.35
PAPA UNICA,2022,6,14,1.25,1.5,1.36
PAPA CANCHAN,2022,6,14,1.2,1.5,1.35
CEBOLLA CABEZA BLANCA NACIONAL,2022,6,15,1.8,2.8,2.28
CEBOLLA CABEZA ROJA/MAJ/TAMB/LOC/CAM/MIL,2022,6,15,1.9,2.5,2.18
CEBOLLA CHINA (CRIOLLA/SERRANA),2022,6,15,1.0,2.0,1.5
PAPA AMARILLA,2022,6,15,2.2,2.5,2.35
PAPA BLANCA/VALLE/OTROS,2022,6,15,1.2,1.5,1.35
PAPA COLOR/VALLE/OTROS,2022,6,15,1.4,1.7,1.55
PAPA HUAYRO (ROJO-MORO-NEGRO)RUNT/MARH/U,2022,6,15,1.7,2.1,1.9
PAPA HUAMANTANGA,2022,6,15,1.5,1.8,1.65
PAPA NEGRA ANDINA,2022,6,15,1.3,1.6,1.45
PAPA PERUANITA (INJERTO),2022,6,15,1.8,2.1,1.95
PAPA YUNGAY,2022,6,15,1.2,1.5,1.35
PAPA UNICA,2022,6,15,1.2,1.5,1.35
PAPA CANCHAN,2022,6,15,1.2,1.5,1.35
CEBOLLA CABEZA BLANCA NACIONAL,2022,6,16,1.8,2.8,2.28
CEBOLLA CABEZA ROJA/MAJ/TAMB/LOC/CAM/MIL,2022,6,16,1.9,2.5,2.18
CEBOLLA CHINA (CRIOLLA/SERRANA),2022,6,16,1.0,2.0,1.5
PAPA AMARILLA,2022,6,16,2.2,2.5,2.35
PAPA BLANCA/VALLE/OTROS,2022,6,16,1.2,1.5,1.35
PAPA COLOR/VALLE/OTROS,2022,6,16,1.4,1.7,1.55
PAPA HUAYRO (ROJO-MORO-NEGRO)RUNT/MARH/U,2022,6,16,1.7,2.1,1.88
PAPA HUAMANTANGA,2022,6,16,1.5,1.8,1.65
PAPA NEGRA ANDINA,2022,6,16,1.3,1.6,1.45
PAPA PERUANITA (INJERTO),2022,6,16,1.8,2.1,1.95
PAPA YUNGAY,2022,6,16,1.2,1.5,1.35
PAPA UNICA,2022,6,16,1.2,1.5,1.35
PAPA CANCHAN,2022,6,16,1.2,1.5,1.35
CEBOLLA CABEZA BLANCA NACIONAL,2022,6,17,1.8,2.8,2.28
CEBOLLA CABEZA ROJA/MAJ/TAMB/LOC/CAM/MIL,2022,6,17,1.9,2.5,2.15
CEBOLLA CHINA (CRIOLLA/SERRANA),2022,6,17,1.0,2.0,1.5
PAPA AMARILLA,2022,6,17,2.2,2.5,2.35
PAPA BLANCA/VALLE/OTROS,2022,6,17,1.2,1.5,1.35
PAPA COLOR/VALLE/OTROS,2022,6,17,1.4,1.7,1.55
PAPA HUAYRO (ROJO-MORO-NEGRO)RUNT/MARH/U,2022,6,17,1.7,2.1,1.93
PAPA HUAMANTANGA,2022,6,17,1.5,1.8,1.65
PAPA NEGRA ANDINA,2022,6,17,1.3,1.6,1.45
PAPA PERUANITA (INJERTO),2022,6,17,1.8,2.1,1.95
PAPA YUNGAY,2022,6,17,1.2,1.5,1.35
PAPA UNICA,2022,6,17,1.3,1.5,1.38
PAPA CANCHAN,2022,6,17,1.2,1.6,1.38
CEBOLLA CABEZA BLANCA NACIONAL,2022,6,18,1.8,2.8,2.28
CEBOLLA CABEZA ROJA/MAJ/TAMB/LOC/CAM/MIL,2022,6,18,1.9,2.5,2.15
CEBOLLA CHINA (CRIOLLA/SERRANA),2022,6,18,1.0,2.0,1.5
PAPA AMARILLA,2022,6,18,2.3,2.6,2.45
PAPA BLANCA/VALLE/OTROS,2022,6,18,1.2,1.6,1.38
PAPA COLOR/VALLE/OTROS,2022,6,18,1.4,1.7,1.55
PAPA HUAYRO (ROJO-MORO-NEGRO)RUNT/MARH/U,2022,6,18,1.7,2.1,1.93
PAPA HUAMANTANGA,2022,6,18,1.5,1.8,1.65
PAPA NEGRA ANDINA,2022,6,18,1.3,1.6,1.45
PAPA PERUANITA (INJERTO),2022,6,18,1.8,2.2,1.98
PAPA YUNGAY,2022,6,18,1.3,1.6,1.45
PAPA UNICA,2022,6,18,1.3,1.6,1.4
PAPA CANCHAN,2022,6,18,1.2,1.6,1.38
CEBOLLA CABEZA BLANCA NACIONAL,2022,6,19,1.8,2.8,2.28
CEBOLLA CABEZA ROJA/MAJ/TAMB/LOC/CAM/MIL,2022,6,19,1.9,2.5,2.15
CEBOLLA CHINA (CRIOLLA/SERRANA),2022,6,19,1.0,2.0,1.5
PAPA AMARILLA,2022,6,19,2.3,2.6,2.45
PAPA BLANCA/VALLE/OTROS,2022,6,19,1.2,1.6,1.38
PAPA COLOR/VALLE/OTROS,2022,6,19,1.4,1.7,1.55
PAPA HUAYRO (ROJO-MORO-NEGRO)RUNT/MARH/U,2022,6,19,1.7,2.1,1.93
PAPA HUAMANTANGA,2022,6,19,1.5,1.8,1.65
PAPA NEGRA ANDINA,2022,6,19,1.3,1.6,1.45
PAPA PERUANITA (INJERTO),2022,6,19,1.8,2.2,1.98
PAPA YUNGAY,2022,6,19,1.3,1.6,1.45
PAPA UNICA,2022,6,19,1.3,1.6,1.4
PAPA CANCHAN,2022,6,19,1.2,1.6,1.38
CEBOLLA CABEZA BLANCA NACIONAL,2022,6,20,1.8,2.8,2.28
CEBOLLA CABEZA ROJA/MAJ/TAMB/LOC/CAM/MIL,2022,6,20,1.8,2.5,2.13
CEBOLLA CHINA (CRIOLLA/SERRANA),2022,6,20,1.5,2.0,1.75
PAPA AMARILLA,2022,6,20,2.3,2.8,2.55
PAPA BLANCA/VALLE/OTROS,2022,6,20,1.2,1.6,1.38
PAPA COLOR/VALLE/OTROS,2022,6,20,1.4,1.7,1.55
PAPA HUAYRO (ROJO-MORO-NEGRO)RUNT/MARH/U,2022,6,20,1.7,2.0,1.9
PAPA HUAMANTANGA,2022,6,20,1.5,1.8,1.65
PAPA NEGRA ANDINA,2022,6,20,1.35,1.6,1.46
PAPA PERUANITA (INJERTO),2022,6,20,1.8,2.1,1.95
PAPA YUNGAY,2022,6,20,1.3,1.6,1.45
PAPA UNICA,2022,6,20,1.3,1.6,1.45
PAPA CANCHAN,2022,6,20,1.2,1.6,1.38
CEBOLLA CABEZA BLANCA NACIONAL,2022,6,21,1.8,2.8,2.28
CEBOLLA CABEZA ROJA/MAJ/TAMB/LOC/CAM/MIL,2022,6,21,1.9,2.5,2.15
CEBOLLA CHINA (CRIOLLA/SERRANA),2022,6,21,1.5,2.0,1.75
PAPA AMARILLA,2022,6,21,2.4,3.0,2.7
PAPA BLANCA/VALLE/OTROS,2022,6,21,1.2,1.6,1.38
PAPA COLOR/VALLE/OTROS,2022,6,21,1.4,1.7,1.55
PAPA HUAYRO (ROJO-MORO-NEGRO)RUNT/MARH/U,2022,6,21,1.7,2.0,1.9
PAPA HUAMANTANGA,2022,6,21,1.5,1.8,1.65
PAPA NEGRA ANDINA,2022,6,21,1.35,1.6,1.46
PAPA PERUANITA (INJERTO),2022,6,21,1.8,2.1,1.95
PAPA YUNGAY,2022,6,21,1.3,1.6,1.45
PAPA UNICA,2022,6,21,1.3,1.6,1.45
PAPA CANCHAN,2022,6,21,1.2,1.6,1.38
CEBOLLA CABEZA BLANCA NACIONAL,2022,6,22,1.8,2.8,2.28
CEBOLLA CABEZA ROJA/MAJ/TAMB/LOC/CAM/MIL,2022,6,22,1.9,2.5,2.15
CEBOLLA CHINA (CRIOLLA/SERRANA),2022,6,22,1.5,2.0,1.75
PAPA AMARILLA,2022,6,22,2.6,3.0,2.78
PAPA BLANCA/VALLE/OTROS,2022,6,22,1.2,1.6,1.38
PAPA COLOR/VALLE/OTROS,2022,6,22,1.4,1.8,1.58
PAPA HUAYRO (ROJO-MORO-NEGRO)RUNT/MARH/U,2022,6,22,1.7,2.1,1.93
PAPA HUAMANTANGA,2022,6,22,1.5,1.8,1.65
PAPA NEGRA ANDINA,2022,6,22,1.3,1.6,1.45
PAPA PERUANITA (INJERTO),2022,6,22,1.8,2.1,1.95
PAPA YUNGAY,2022,6,22,1.3,1.6,1.45
PAPA UNICA,2022,6,22,1.3,1.6,1.45
PAPA CANCHAN,2022,6,22,1.2,1.5,1.35
CEBOLLA CABEZA BLANCA NACIONAL,2022,6,23,1.8,2.8,2.28
CEBOLLA CABEZA ROJA/MAJ/TAMB/LOC/CAM/MIL,2022,6,23,1.9,2.5,2.15
CEBOLLA CHINA (CRIOLLA/SERRANA),2022,6,23,1.5,2.0,1.75
PAPA AMARILLA,2022,6,23,2.7,3.2,2.93
PAPA BLANCA/VALLE/OTROS,2022,6,23,1.3,1.6,1.45
PAPA COLOR/VALLE/OTROS,2022,6,23,1.4,1.8,1.58
PAPA HUAYRO (ROJO-MORO-NEGRO)RUNT/MARH/U,2022,6,23,1.7,2.1,1.93
PAPA HUAMANTANGA,2022,6,23,1.5,1.8,1.65
PAPA NEGRA ANDINA,2022,6,23,1.3,1.7,1.48
PAPA PERUANITA (INJERTO),2022,6,23,1.8,2.1,1.95
PAPA YUNGAY,2022,6,23,1.4,1.6,1.5
PAPA UNICA,2022,6,23,1.3,1.7,1.48
PAPA CANCHAN,2022,6,23,1.3,1.5,1.38
CEBOLLA CABEZA BLANCA NACIONAL,2022,6,24,1.8,2.8,2.28
CEBOLLA CABEZA ROJA/MAJ/TAMB/LOC/CAM/MIL,2022,6,24,1.9,2.5,2.15
CEBOLLA CHINA (CRIOLLA/SERRANA),2022,6,24,1.0,2.0,1.63
PAPA AMARILLA,2022,6,24,2.8,3.3,3.0
PAPA BLANCA/VALLE/OTROS,2022,6,24,1.3,1.6,1.45
PAPA COLOR/VALLE/OTROS,2022,6,24,1.4,1.8,1.58
PAPA HUAYRO (ROJO-MORO-NEGRO)RUNT/MARH/U,2022,6,24,1.7,2.1,1.93
PAPA HUAMANTANGA,2022,6,24,1.5,1.8,1.65
PAPA NEGRA ANDINA,2022,6,24,1.3,1.7,1.48
PAPA PERUANITA (INJERTO),2022,6,24,1.8,2.1,1.95
PAPA YUNGAY,2022,6,24,1.4,1.6,1.5
PAPA UNICA,2022,6,24,1.3,1.7,1.48
PAPA CANCHAN,2022,6,24,1.3,1.5,1.43
CEBOLLA CABEZA BLANCA NACIONAL,2022,6,25,1.8,2.8,2.3
CEBOLLA CABEZA ROJA/MAJ/TAMB/LOC/CAM/MIL,2022,6,25,2.0,2.5,2.2
CEBOLLA CHINA (CRIOLLA/SERRANA),2022,6,25,1.5,2.5,2.0
PAPA AMARILLA,2022,6,25,2.9,3.4,3.1
PAPA BLANCA/VALLE/OTROS,2022,6,25,1.3,1.8,1.6
PAPA COLOR/VALLE/OTROS,2022,6,25,1.4,2.0,1.68
PAPA HUAYRO (ROJO-MORO-NEGRO)RUNT/MARH/U,2022,6,25,1.8,2.1,1.95
PAPA HUAMANTANGA,2022,6,25,1.5,1.9,1.68
PAPA NEGRA ANDINA,2022,6,25,1.4,2.0,1.68
PAPA PERUANITA (INJERTO),2022,6,25,1.8,2.1,1.95
PAPA YUNGAY,2022,6,25,1.5,2.0,1.73
PAPA UNICA,2022,6,25,1.4,2.0,1.68
PAPA CANCHAN,2022,6,25,1.4,1.8,1.58
CEBOLLA CABEZA BLANCA NACIONAL,2022,6,26,1.8,2.8,2.3
CEBOLLA CABEZA ROJA/MAJ/TAMB/LOC/CAM/MIL,2022,6,26,2.0,2.5,2.2
CEBOLLA CHINA (CRIOLLA/SERRANA),2022,6,26,1.5,2.5,2.0
PAPA AMARILLA,2022,6,26,2.9,3.4,3.1
PAPA BLANCA/VALLE/OTROS,2022,6,26,1.3,1.8,1.6
PAPA COLOR/VALLE/OTROS,2022,6,26,1.4,2.0,1.68
PAPA HUAYRO (ROJO-MORO-NEGRO)RUNT/MARH/U,2022,6,26,1.8,2.1,1.95
PAPA HUAMANTANGA,2022,6,26,1.5,1.9,1.68
PAPA NEGRA ANDINA,2022,6,26,1.4,2.0,1.68
PAPA PERUANITA (INJERTO),2022,6,26,1.8,2.1,1.95
PAPA YUNGAY,2022,6,26,1.5,2.0,1.73
PAPA UNICA,2022,6,26,1.4,2.0,1.68
PAPA CANCHAN,2022,6,26,1.4,1.8,1.58
CEBOLLA CABEZA BLANCA NACIONAL,2022,6,27,1.8,3.0,2.38
CEBOLLA CABEZA ROJA/MAJ/TAMB/LOC/CAM/MIL,2022,6,27,2.0,2.5,2.2
CEBOLLA CHINA (CRIOLLA/SERRANA),2022,6,27,1.5,2.0,1.75
PAPA AMARILLA,2022,6,27,2.9,3.5,3.18
PAPA BLANCA/VALLE/OTROS,2022,6,27,1.5,2.2,1.85
PAPA COLOR/VALLE/OTROS,2022,6,27,1.7,2.0,1.85
PAPA HUAYRO (ROJO-MORO-NEGRO)RUNT/MARH/U,2022,6,27,1.8,2.1,1.95
PAPA HUAMANTANGA,2022,6,27,1.5,2.1,1.73
PAPA NEGRA ANDINA,2022,6,27,1.5,2.0,1.73
PAPA PERUANITA (INJERTO),2022,6,27,1.8,2.1,1.95
PAPA YUNGAY,2022,6,27,1.6,2.0,1.78
PAPA UNICA,2022,6,27,1.5,2.0,1.73
PAPA CANCHAN,2022,6,27,1.5,2.0,1.73
CEBOLLA CABEZA BLANCA NACIONAL,2022,6,28,1.8,3.0,2.38
CEBOLLA CABEZA ROJA/MAJ/TAMB/LOC/CAM/MIL,2022,6,28,2.0,2.5,2.2
CEBOLLA CHINA (CRIOLLA/SERRANA),2022,6,28,2.0,2.5,2.38
PAPA AMARILLA,2022,6,28,2.9,3.5,3.18
PAPA BLANCA/VALLE/OTROS,2022,6,28,1.5,2.0,1.78
PAPA COLOR/VALLE/OTROS,2022,6,28,1.7,2.0,1.85
PAPA HUAYRO (ROJO-MORO-NEGRO)RUNT/MARH/U,2022,6,28,1.8,2.1,1.95
PAPA HUAMANTANGA,2022,6,28,1.5,2.1,1.73
PAPA NEGRA ANDINA,2022,6,28,1.5,2.0,1.73
PAPA PERUANITA (INJERTO),2022,6,28,1.8,2.0,1.93
PAPA YUNGAY,2022,6,28,1.6,1.9,1.75
PAPA UNICA,2022,6,28,1.5,2.0,1.73
PAPA CANCHAN,2022,6,28,1.5,2.0,1.73
CEBOLLA CABEZA BLANCA NACIONAL,2022,6,29,1.8,3.0,2.38
CEBOLLA CABEZA ROJA/MAJ/TAMB/LOC/CAM/MIL,2022,6,29,2.0,2.5,2.2
CEBOLLA CHINA (CRIOLLA/SERRANA),2022,6,29,2.0,2.5,2.38
PAPA AMARILLA,2022,6,29,2.9,3.5,3.18
PAPA BLANCA/VALLE/OTROS,2022,6,29,1.5,2.0,1.78
PAPA COLOR/VALLE/OTROS,2022,6,29,1.7,2.0,1.85
PAPA HUAYRO (ROJO-MORO-NEGRO)RUNT/MARH/U,2022,6,29,1.8,2.1,1.95
PAPA HUAMANTANGA,2022,6,29,1.5,2.1,1.73
PAPA NEGRA ANDINA,2022,6,29,1.5,2.0,1.73
PAPA PERUANITA (INJERTO),2022,6,29,1.8,2.0,1.93
PAPA YUNGAY,2022,6,29,1.6,1.9,1.75
PAPA UNICA,2022,6,29,1.5,2.0,1.73
PAPA CANCHAN,2022,6,29,1.5,2.0,1.73
CEBOLLA CABEZA BLANCA NACIONAL,2022,6,30,1.8,2.8,2.28
CEBOLLA CABEZA ROJA/MAJ/TAMB/LOC/CAM/MIL,2022,6,30,1.8,2.5,2.13
CEBOLLA CHINA (CRIOLLA/SERRANA),2022,6,30,1.0,2.0,1.5
PAPA AMARILLA,2022,6,30,2.8,3.5,3.13
PAPA BLANCA/VALLE/OTROS,2022,6,30,1.5,1.9,1.73
PAPA COLOR/VALLE/OTROS,2022,6,30,1.7,2.0,1.85
PAPA HUAYRO (ROJO-MORO-NEGRO)RUNT/MARH/U,2022,6,30,1.8,2.1,1.95
PAPA HUAMANTANGA,2022,6,30,1.5,2.0,1.7
PAPA NEGRA ANDINA,2022,6,30,1.5,1.8,1.65
PAPA PERUANITA (INJERTO),2022,6,30,1.7,2.0,1.85
PAPA YUNGAY,2022,6,30,1.5,1.8,1.65
PAPA UNICA,2022,6,30,1.5,1.8,1.65
PAPA CANCHAN,2022,6,30,1.5,1.8,1.65
CEBOLLA CABEZA BLANCA NACIONAL,2022,7,1,1.8,2.5,2.18
CEBOLLA CABEZA ROJA/MAJ/TAMB/LOC/CAM/MIL,2022,7,1,1.8,2.5,2.13
CEBOLLA CHINA (CRIOLLA/SERRANA),2022,7,1,1.0,2.0,1.5
PAPA AMARILLA,2022,7,1,2.8,3.5,3.13
PAPA BLANCA/VALLE/OTROS,2022,7,1,1.5,1.9,1.73
PAPA COLOR/VALLE/OTROS,2022,7,1,1.7,2.0,1.85
PAPA HUAYRO (ROJO-MORO-NEGRO)RUNT/MARH/U,2022,7,1,1.8,2.1,1.95
PAPA HUAMANTANGA,2022,7,1,1.5,2.0,1.7
PAPA NEGRA ANDINA,2022,7,1,1.5,1.8,1.65
PAPA PERUANITA (INJERTO),2022,7,1,1.7,2.0,1.85
PAPA YUNGAY,2022,7,1,1.5,1.8,1.65
PAPA UNICA,2022,7,1,1.5,1.8,1.65
PAPA CANCHAN,2022,7,1,1.5,1.8,1.65
CEBOLLA CABEZA BLANCA NACIONAL,2022,7,2,1.8,2.5,2.18
CEBOLLA CABEZA ROJA/MAJ/TAMB/LOC/CAM/MIL,2022,7,2,1.8,2.5,2.13
CEBOLLA CHINA (CRIOLLA/SERRANA),2022,7,2,1.0,2.0,1.5
PAPA AMARILLA,2022,7,2,2.8,3.5,3.13
PAPA BLANCA/VALLE/OTROS,2022,7,2,1.45,1.7,1.56
PAPA COLOR/VALLE/OTROS,2022,7,2,1.4,1.8,1.6
PAPA HUAYRO (ROJO-MORO-NEGRO)RUNT/MARH/U,2022,7,2,1.4,1.9,1.68
PAPA HUAMANTANGA,2022,7,2,1.5,2.0,1.7
PAPA NEGRA ANDINA,2022,7,2,1.5,1.8,1.65
PAPA PERUANITA (INJERTO),2022,7,2,1.8,2.1,1.95
PAPA YUNGAY,2022,7,2,1.45,1.7,1.56
PAPA UNICA,2022,7,2,1.5,1.8,1.65
PAPA CANCHAN,2022,7,2,1.4,1.7,1.55
CEBOLLA CABEZA BLANCA NACIONAL,2022,7,3,1.8,2.5,2.18
CEBOLLA CABEZA ROJA/MAJ/TAMB/LOC/CAM/MIL,2022,7,3,1.8,2.5,2.13
CEBOLLA CHINA (CRIOLLA/SERRANA),2022,7,3,1.0,2.0,1.5
PAPA AMARILLA,2022,7,3,2.8,3.5,3.13
PAPA BLANCA/VALLE/OTROS,2022,7,3,1.45,1.7,1.56
PAPA COLOR/VALLE/OTROS,2022,7,3,1.4,1.8,1.6
PAPA HUAYRO (ROJO-MORO-NEGRO)RUNT/MARH/U,2022,7,3,1.4,1.9,1.68
PAPA HUAMANTANGA,2022,7,3,1.5,2.0,1.7
PAPA NEGRA ANDINA,2022,7,3,1.5,1.8,1.65
PAPA PERUANITA (INJERTO),2022,7,3,1.8,2.1,1.95
PAPA YUNGAY,2022,7,3,1.45,1.7,1.56
PAPA UNICA,2022,7,3,1.5,1.8,1.65
PAPA CANCHAN,2022,7,3,1.4,1.7,1.55
CEBOLLA CABEZA BLANCA NACIONAL,2022,7,4,1.8,2.5,2.18
CEBOLLA CABEZA ROJA/MAJ/TAMB/LOC/CAM/MIL,2022,7,4,1.8,2.5,2.13
CEBOLLA CHINA (CRIOLLA/SERRANA),2022,7,4,1.0,2.0,1.5
PAPA AMARILLA,2022,7,4,2.5,3.0,2.75
PAPA BLANCA/VALLE/OTROS,2022,7,4,1.45,1.7,1.56
PAPA COLOR/VALLE/OTROS,2022,7,4,1.4,1.8,1.6
PAPA HUAYRO (ROJO-MORO-NEGRO)RUNT/MARH/U,2022,7,4,1.6,1.9,1.75
PAPA HUAMANTANGA,2022,7,4,1.5,2.0,1.7
PAPA NEGRA ANDINA,2022,7,4,1.5,1.8,1.65
PAPA PERUANITA (INJERTO),2022,7,4,1.8,2.1,1.95
PAPA YUNGAY,2022,7,4,1.45,1.7,1.56
PAPA UNICA,2022,7,4,1.5,1.9,1.73
PAPA CANCHAN,2022,7,4,1.4,1.7,1.55
CEBOLLA CABEZA BLANCA NACIONAL,2022,7,5,1.8,2.2,1.98
CEBOLLA CABEZA ROJA/MAJ/TAMB/LOC/CAM/MIL,2022,7,5,1.6,2.2,1.9
CEBOLLA CHINA (CRIOLLA/SERRANA),2022,7,5,1.0,2.0,1.5
PAPA AMARILLA,2022,7,5,2.5,3.0,2.75
PAPA BLANCA/VALLE/OTROS,2022,7,5,1.45,1.7,1.56
PAPA COLOR/VALLE/OTROS,2022,7,5,1.2,1.9,1.63
PAPA HUAYRO (ROJO-MORO-NEGRO)RUNT/MARH/U,2022,7,5,1.6,2.0,1.78
PAPA HUAMANTANGA,2022,7,5,1.5,2.0,1.7
PAPA NEGRA ANDINA,2022,7,5,1.7,2.0,1.85
PAPA PERUANITA (INJERTO),2022,7,5,1.9,2.3,2.08
PAPA YUNGAY,2022,7,5,1.45,1.7,1.56
PAPA UNICA,2022,7,5,1.7,1.9,1.81
PAPA CANCHAN,2022,7,5,1.2,1.7,1.48
CEBOLLA CABEZA BLANCA NACIONAL,2022,7,6,1.8,2.2,1.98
CEBOLLA CABEZA ROJA/MAJ/TAMB/LOC/CAM/MIL,2022,7,6,1.6,2.2,1.9
CEBOLLA CHINA (CRIOLLA/SERRANA),2022,7,6,1.0,2.0,1.5
PAPA AMARILLA,2022,7,6,2.5,3.0,2.75
PAPA BLANCA/VALLE/OTROS,2022,7,6,1.45,1.7,1.56
PAPA COLOR/VALLE/OTROS,2022,7,6,1.2,1.9,1.63
PAPA HUAYRO (ROJO-MORO-NEGRO)RUNT/MARH/U,2022,7,6,1.6,2.0,1.78
PAPA HUAMANTANGA,2022,7,6,1.5,2.0,1.7
PAPA NEGRA ANDINA,2022,7,6,1.7,2.0,1.85
PAPA PERUANITA (INJERTO),2022,7,6,1.9,2.3,2.08
PAPA YUNGAY,2022,7,6,1.45,1.7,1.56
PAPA UNICA,2022,7,6,1.7,1.9,1.81
PAPA CANCHAN,2022,7,6,1.2,1.7,1.48
CEBOLLA CABEZA BLANCA NACIONAL,2022,7,7,1.8,2.2,1.98
CEBOLLA CABEZA ROJA/MAJ/TAMB/LOC/CAM/MIL,2022,7,7,1.6,2.2,1.9
CEBOLLA CHINA (CRIOLLA/SERRANA),2022,7,7,1.0,1.5,1.25
PAPA AMARILLA,2022,7,7,2.5,3.7,3.18
PAPA BLANCA/VALLE/OTROS,2022,7,7,1.3,1.7,1.53
PAPA COLOR/VALLE/OTROS,2022,7,7,1.2,1.8,1.59
PAPA HUAYRO (ROJO-MORO-NEGRO)RUNT/MARH/U,2022,7,7,1.6,2.0,1.78
PAPA HUAMANTANGA,2022,7,7,2.0,2.4,2.2
PAPA NEGRA ANDINA,2022,7,7,1.9,2.1,2.0
PAPA PERUANITA (INJERTO),2022,7,7,1.9,2.3,2.08
PAPA YUNGAY,2022,7,7,1.3,1.7,1.53
PAPA UNICA,2022,7,7,1.65,1.8,1.73
PAPA CANCHAN,2022,7,7,1.2,1.7,1.48
CEBOLLA CABEZA BLANCA NACIONAL,2022,7,8,1.8,2.2,1.98
CEBOLLA CABEZA ROJA/MAJ/TAMB/LOC/CAM/MIL,2022,7,8,1.6,2.2,1.9
CEBOLLA CHINA (CRIOLLA/SERRANA),2022,7,8,1.0,1.5,1.25
PAPA AMARILLA,2022,7,8,2.5,3.7,3.18
PAPA BLANCA/VALLE/OTROS,2022,7,8,1.3,1.7,1.53
PAPA COLOR/VALLE/OTROS,2022,7,8,1.2,1.8,1.59
PAPA HUAYRO (ROJO-MORO-NEGRO)RUNT/MARH/U,2022,7,8,1.6,2.0,1.78
PAPA HUAMANTANGA,2022,7,8,2.0,2.4,2.2
PAPA NEGRA ANDINA,2022,7,8,1.9,2.1,2.0
PAPA PERUANITA (INJERTO),2022,7,8,1.9,2.3,2.08
PAPA YUNGAY,2022,7,8,1.3,1.7,1.53
PAPA UNICA,2022,7,8,1.65,1.8,1.73
PAPA CANCHAN,2022,7,8,1.2,1.7,1.48
CEBOLLA CABEZA BLANCA NACIONAL,2022,7,9,1.8,2.2,1.98
CEBOLLA CABEZA ROJA/MAJ/TAMB/LOC/CAM/MIL,2022,7,9,1.6,2.2,1.9
CEBOLLA CHINA (CRIOLLA/SERRANA),2022,7,9,1.0,2.5,1.75
PAPA AMARILLA,2022,7,9,2.5,3.6,3.15
PAPA BLANCA/VALLE/OTROS,2022,7,9,1.3,1.7,1.53
PAPA COLOR/VALLE/OTROS,2022,7,9,1.2,1.8,1.58
PAPA HUAYRO (ROJO-MORO-NEGRO)RUNT/MARH/U,2022,7,9,1.6,2.0,1.78
PAPA HUAMANTANGA,2022,7,9,2.0,2.4,2.18
PAPA NEGRA ANDINA,2022,7,9,1.9,2.1,2.0
PAPA PERUANITA (INJERTO),2022,7,9,1.9,2.3,2.08
PAPA YUNGAY,2022,7,9,1.3,1.7,1.53
PAPA UNICA,2022,7,9,1.6,1.8,1.71
PAPA CANCHAN,2022,7,9,1.2,1.7,1.48
CEBOLLA CABEZA BLANCA NACIONAL,2022,7,10,1.8,2.2,1.98
CEBOLLA CABEZA ROJA/MAJ/TAMB/LOC/CAM/MIL,2022,7,10,1.6,2.2,1.9
CEBOLLA CHINA (CRIOLLA/SERRANA),2022,7,10,1.0,2.5,1.75
PAPA AMARILLA,2022,7,10,2.5,3.6,3.15
PAPA BLANCA/VALLE/OTROS,2022,7,10,1.3,1.7,1.53
PAPA COLOR/VALLE/OTROS,2022,7,10,1.2,1.8,1.58
PAPA HUAYRO (ROJO-MORO-NEGRO)RUNT/MARH/U,2022,7,10,1.6,2.0,1.78
PAPA HUAMANTANGA,2022,7,10,2.0,2.4,2.18
PAPA NEGRA ANDINA,2022,7,10,1.9,2.1,2.0
PAPA PERUANITA (INJERTO),2022,7,10,1.9,2.3,2.08
PAPA YUNGAY,2022,7,10,1.3,1.7,1.53
PAPA UNICA,2022,7,10,1.6,1.8,1.71
PAPA CANCHAN,2022,7,10,1.2,1.7,1.48
CEBOLLA CABEZA BLANCA NACIONAL,2022,7,11,1.8,2.2,1.98
CEBOLLA CABEZA ROJA/MAJ/TAMB/LOC/CAM/MIL,2022,7,11,1.6,2.2,1.9
CEBOLLA CHINA (CRIOLLA/SERRANA),2022,7,11,1.5,2.5,2.0
PAPA AMARILLA,2022,7,11,2.5,3.6,3.15
PAPA BLANCA/VALLE/OTROS,2022,7,11,1.3,1.7,1.53
PAPA COLOR/VALLE/OTROS,2022,7,11,1.2,1.8,1.58
PAPA HUAYRO (ROJO-MORO-NEGRO)RUNT/MARH/U,2022,7,11,1.6,2.0,1.78
PAPA HUAMANTANGA,2022,7,11,2.0,2.4,2.18
PAPA NEGRA ANDINA,2022,7,11,1.9,2.1,2.0
PAPA PERUANITA (INJERTO),2022,7,11,1.9,2.2,2.03
PAPA YUNGAY,2022,7,11,1.3,1.7,1.53
PAPA UNICA,2022,7,11,1.4,1.7,1.58
PAPA CANCHAN,2022,7,11,1.2,1.7,1.48
CEBOLLA CABEZA BLANCA NACIONAL,2022,7,12,1.8,2.2,1.98
CEBOLLA CABEZA ROJA/MAJ/TAMB/LOC/CAM/MIL,2022,7,12,1.6,2.2,1.9
CEBOLLA CHINA (CRIOLLA/SERRANA),2022,7,12,1.5,2.5,2.0
PAPA AMARILLA,2022,7,12,2.6,3.6,3.23
PAPA BLANCA/VALLE/OTROS,2022,7,12,1.3,1.7,1.53
PAPA COLOR/VALLE/OTROS,2022,7,12,1.3,1.8,1.6
PAPA HUAYRO (ROJO-MORO-NEGRO)RUNT/MARH/U,2022,7,12,1.6,2.0,1.78
PAPA HUAMANTANGA,2022,7,12,2.0,2.4,2.18
PAPA NEGRA ANDINA,2022,7,12,1.8,2.1,1.95
PAPA PERUANITA (INJERTO),2022,7,12,1.9,2.2,2.03
PAPA YUNGAY,2022,7,12,1.3,1.8,1.55
PAPA UNICA,2022,7,12,1.4,1.7,1.55
PAPA CANCHAN,2022,7,12,1.3,1.7,1.5
CEBOLLA CABEZA BLANCA NACIONAL,2022,7,13,1.8,2.2,1.98
CEBOLLA CABEZA ROJA/MAJ/TAMB/LOC/CAM/MIL,2022,7,13,1.6,2.2,1.9
CEBOLLA CHINA (CRIOLLA/SERRANA),2022,7,13,1.5,2.5,2.0
PAPA AMARILLA,2022,7,13,2.5,3.6,3.2
PAPA BLANCA/VALLE/OTROS,2022,7,13,1.3,1.7,1.53
PAPA COLOR/VALLE/OTROS,2022,7,13,1.3,1.8,1.6
PAPA HUAYRO (ROJO-MORO-NEGRO)RUNT/MARH/U,2022,7,13,1.6,2.0,1.78
PAPA HUAMANTANGA,2022,7,13,2.0,2.4,2.18
PAPA NEGRA ANDINA,2022,7,13,1.8,2.1,1.95
PAPA PERUANITA (INJERTO),2022,7,13,1.9,2.2,2.03
PAPA YUNGAY,2022,7,13,1.3,1.8,1.55
PAPA UNICA,2022,7,13,1.4,1.8,1.58
PAPA CANCHAN,2022,7,13,1.3,1.7,1.5
CEBOLLA CABEZA BLANCA NACIONAL,2022,7,14,1.8,2.2,1.98
CEBOLLA CABEZA ROJA/MAJ/TAMB/LOC/CAM/MIL,2022,7,14,1.6,2.2,1.9
CEBOLLA CHINA (CRIOLLA/SERRANA),2022,7,14,1.5,2.5,2.0
PAPA AMARILLA,2022,7,14,2.5,3.6,3.23
PAPA BLANCA/VALLE/OTROS,2022,7,14,1.3,1.7,1.53
PAPA COLOR/VALLE/OTROS,2022,7,14,1.3,1.8,1.6
PAPA HUAYRO (ROJO-MORO-NEGRO)RUNT/MARH/U,2022,7,14,1.6,2.0,1.78
PAPA HUAMANTANGA,2022,7,14,2.0,2.3,2.15
PAPA NEGRA ANDINA,2022,7,14,1.7,2.1,1.93
PAPA PERUANITA (INJERTO),2022,7,14,1.9,2.2,2.03
PAPA YUNGAY,2022,7,14,1.4,1.8,1.58
PAPA UNICA,2022,7,14,1.4,1.8,1.58
PAPA CANCHAN,2022,7,14,1.3,1.8,1.53
CEBOLLA CABEZA BLANCA NACIONAL,2022,7,15,1.8,2.3,2.0
CEBOLLA CABEZA ROJA/MAJ/TAMB/LOC/CAM/MIL,2022,7,15,1.6,2.3,1.93
CEBOLLA CHINA (CRIOLLA/SERRANA),2022,7,15,1.5,2.5,2.0
PAPA AMARILLA,2022,7,15,2.6,3.6,3.25
PAPA BLANCA/VALLE/OTROS,2022,7,15,1.3,1.7,1.53
PAPA COLOR/VALLE/OTROS,2022,7,15,1.4,1.8,1.63
PAPA HUAYRO (ROJO-MORO-NEGRO)RUNT/MARH/U,2022,7,15,1.6,2.0,1.78
PAPA HUAMANTANGA,2022,7,15,2.0,2.3,2.15
PAPA NEGRA ANDINA,2022,7,15,1.7,2.1,1.93
PAPA PERUANITA (INJERTO),2022,7,15,1.8,2.2,1.98
PAPA YUNGAY,2022,7,15,1.4,1.8,1.58
PAPA UNICA,2022,7,15,1.4,1.8,1.58
PAPA CANCHAN,2022,7,15,1.3,1.8,1.53
CEBOLLA CABEZA BLANCA NACIONAL,2022,7,16,1.8,2.5,2.05
CEBOLLA CABEZA ROJA/MAJ/TAMB/LOC/CAM/MIL,2022,7,16,1.6,2.5,2.03
CEBOLLA CHINA (CRIOLLA/SERRANA),2022,7,16,1.0,2.0,1.5
PAPA AMARILLA,2022,7,16,2.6,3.6,3.25
PAPA BLANCA/VALLE/OTROS,2022,7,16,1.3,1.8,1.55
PAPA COLOR/VALLE/OTROS,2022,7,16,1.4,1.8,1.63
PAPA HUAYRO (ROJO-MORO-NEGRO)RUNT/MARH/U,2022,7,16,1.6,2.0,1.78
PAPA HUAMANTANGA,2022,7,16,2.0,2.3,2.15
PAPA NEGRA ANDINA,2022,7,16,1.7,2.1,1.93
PAPA PERUANITA (INJERTO),2022,7,16,1.8,2.1,1.95
PAPA YUNGAY,2022,7,16,1.4,1.8,1.58
PAPA UNICA,2022,7,16,1.4,1.8,1.58
PAPA CANCHAN,2022,7,16,1.3,1.8,1.53
CEBOLLA CABEZA BLANCA NACIONAL,2022,7,17,1.8,2.5,2.05
CEBOLLA CABEZA ROJA/MAJ/TAMB/LOC/CAM/MIL,2022,7,17,1.6,2.5,2.03
CEBOLLA CHINA (CRIOLLA/SERRANA),2022,7,17,1.0,2.0,1.5
PAPA AMARILLA,2022,7,17,2.6,3.6,3.25
PAPA BLANCA/VALLE/OTROS,2022,7,17,1.3,1.8,1.55
PAPA COLOR/VALLE/OTROS,2022,7,17,1.4,1.8,1.63
PAPA HUAYRO (ROJO-MORO-NEGRO)RUNT/MARH/U,2022,7,17,1.6,2.0,1.78
PAPA HUAMANTANGA,2022,7,17,2.0,2.3,2.15
PAPA NEGRA ANDINA,2022,7,17,1.7,2.1,1.93
PAPA PERUANITA (INJERTO),2022,7,17,1.8,2.1,1.95
PAPA YUNGAY,2022,7,17,1.4,1.8,1.58
PAPA UNICA,2022,7,17,1.4,1.8,1.58
PAPA CANCHAN,2022,7,17,1.3,1.8,1.53
CEBOLLA CABEZA BLANCA NACIONAL,2022,7,18,1.9,2.8,2.35
CEBOLLA CABEZA ROJA/MAJ/TAMB/LOC/CAM/MIL,2022,7,18,1.8,2.6,2.15
CEBOLLA CHINA (CRIOLLA/SERRANA),2022,7,18,1.0,2.0,1.5
PAPA AMARILLA,2022,7,18,2.6,3.5,3.1
PAPA BLANCA/VALLE/OTROS,2022,7,18,1.3,1.8,1.55
PAPA COLOR/VALLE/OTROS,2022,7,18,1.5,1.8,1.65
PAPA HUAYRO (ROJO-MORO-NEGRO)RUNT/MARH/U,2022,7,18,1.6,2.0,1.78
PAPA HUAMANTANGA,2022,7,18,2.0,2.2,2.11
PAPA NEGRA ANDINA,2022,7,18,1.7,2.1,1.93
PAPA PERUANITA (INJERTO),2022,7,18,1.8,2.1,1.95
PAPA YUNGAY,2022,7,18,1.4,1.8,1.58
PAPA UNICA,2022,7,18,1.4,1.8,1.6
PAPA CANCHAN,2022,7,18,1.35,1.8,1.54
CEBOLLA CABEZA BLANCA NACIONAL,2022,7,19,1.9,2.7,2.33
CEBOLLA CABEZA ROJA/MAJ/TAMB/LOC/CAM/MIL,2022,7,19,1.8,2.5,2.13
CEBOLLA CHINA (CRIOLLA/SERRANA),2022,7,19,1.5,2.0,1.75
PAPA AMARILLA,2022,7,19,2.6,3.5,3.08
PAPA BLANCA/VALLE/OTROS,2022,7,19,1.3,1.8,1.55
PAPA COLOR/VALLE/OTROS,2022,7,19,1.5,1.8,1.65
PAPA HUAYRO (ROJO-MORO-NEGRO)RUNT/MARH/U,2022,7,19,1.6,2.0,1.78
PAPA HUAMANTANGA,2022,7,19,2.0,2.2,2.1
PAPA NEGRA ANDINA,2022,7,19,1.7,2.1,1.93
PAPA PERUANITA (INJERTO),2022,7,19,1.8,2.1,1.95
PAPA YUNGAY,2022,7,19,1.4,1.8,1.58
PAPA UNICA,2022,7,19,1.4,1.8,1.6
PAPA CANCHAN,2022,7,19,1.4,1.8,1.58
CEBOLLA CABEZA BLANCA NACIONAL,2022,7,20,1.9,2.8,2.35
CEBOLLA CABEZA ROJA/MAJ/TAMB/LOC/CAM/MIL,2022,7,20,1.8,2.5,2.13
CEBOLLA CHINA (CRIOLLA/SERRANA),2022,7,20,1.5,2.0,1.75
PAPA AMARILLA,2022,7,20,2.5,3.5,3.05
PAPA BLANCA/VALLE/OTROS,2022,7,20,1.3,1.8,1.55
PAPA COLOR/VALLE/OTROS,2022,7,20,1.5,1.8,1.65
PAPA HUAYRO (ROJO-MORO-NEGRO)RUNT/MARH/U,2022,7,20,1.6,2.0,1.78
PAPA HUAMANTANGA,2022,7,20,2.0,2.2,2.08
PAPA NEGRA ANDINA,2022,7,20,1.8,2.1,1.95
PAPA PERUANITA (INJERTO),2022,7,20,1.8,2.1,1.95
PAPA YUNGAY,2022,7,20,1.4,1.8,1.58
PAPA UNICA,2022,7,20,1.4,1.8,1.6
PAPA CANCHAN,2022,7,20,1.4,1.8,1.6
CEBOLLA CABEZA BLANCA NACIONAL,2022,7,21,1.9,2.8,2.35
CEBOLLA CABEZA ROJA/MAJ/TAMB/LOC/CAM/MIL,2022,7,21,1.8,2.5,2.13
CEBOLLA CHINA (CRIOLLA/SERRANA),2022,7,21,1.5,2.0,1.75
PAPA AMARILLA,2022,7,21,2.5,3.5,3.05
PAPA BLANCA/VALLE/OTROS,2022,7,21,1.3,1.8,1.55
PAPA COLOR/VALLE/OTROS,2022,7,21,1.5,1.8,1.65
PAPA HUAYRO (ROJO-MORO-NEGRO)RUNT/MARH/U,2022,7,21,1.7,2.2,1.93
PAPA HUAMANTANGA,2022,7,21,2.0,2.2,2.08
PAPA NEGRA ANDINA,2022,7,21,1.8,2.1,1.95
PAPA PERUANITA (INJERTO),2022,7,21,1.8,2.1,1.95
PAPA YUNGAY,2022,7,21,1.4,1.8,1.58
PAPA UNICA,2022,7,21,1.4,1.8,1.6
PAPA CANCHAN,2022,7,21,1.4,1.8,1.6
CEBOLLA CABEZA BLANCA NACIONAL,2022,7,22,1.9,2.8,2.35
CEBOLLA CABEZA ROJA/MAJ/TAMB/LOC/CAM/MIL,2022,7,22,1.8,2.5,2.1
CEBOLLA CHINA (CRIOLLA/SERRANA),2022,7,22,1.5,2.0,1.75
PAPA AMARILLA,2022,7,22,2.6,3.5,3.1
PAPA BLANCA/VALLE/OTROS,2022,7,22,1.4,1.8,1.58
PAPA COLOR/VALLE/OTROS,2022,7,22,1.5,1.8,1.65
PAPA HUAYRO (ROJO-MORO-NEGRO)RUNT/MARH/U,2022,7,22,1.7,2.2,1.93
PAPA HUAMANTANGA,2022,7,22,2.0,2.2,2.09
PAPA NEGRA ANDINA,2022,7,22,1.8,2.1,1.95
PAPA PERUANITA (INJERTO),2022,7,22,1.8,2.3,2.05
PAPA YUNGAY,2022,7,22,1.45,1.8,1.61
PAPA UNICA,2022,7,22,1.5,1.8,1.65
PAPA CANCHAN,2022,7,22,1.4,1.8,1.63
CEBOLLA CABEZA BLANCA NACIONAL,2022,7,23,1.9,2.8,2.35
CEBOLLA CABEZA ROJA/MAJ/TAMB/LOC/CAM/MIL,2022,7,23,1.8,2.5,2.13
CEBOLLA CHINA (CRIOLLA/SERRANA),2022,7,23,1.5,2.0,1.75
PAPA AMARILLA,2022,7,23,2.6,3.7,3.25
PAPA BLANCA/VALLE/OTROS,2022,7,23,1.4,1.8,1.58
PAPA COLOR/VALLE/OTROS,2022,7,23,1.5,1.8,1.65
PAPA HUAYRO (ROJO-MORO-NEGRO)RUNT/MARH/U,2022,7,23,1.7,2.2,1.93
PAPA HUAMANTANGA,2022,7,23,2.0,2.2,2.09
PAPA NEGRA ANDINA,2022,7,23,1.8,2.1,1.95
PAPA PERUANITA (INJERTO),2022,7,23,1.8,2.3,2.05
PAPA YUNGAY,2022,7,23,1.45,1.8,1.61
PAPA UNICA,2022,7,23,1.5,1.8,1.65
PAPA CANCHAN,2022,7,23,1.4,1.8,1.63
CEBOLLA CABEZA BLANCA NACIONAL,2022,7,24,1.9,2.8,2.35
CEBOLLA CABEZA ROJA/MAJ/TAMB/LOC/CAM/MIL,2022,7,24,1.8,2.5,2.13
CEBOLLA CHINA (CRIOLLA/SERRANA),2022,7,24,1.5,2.0,1.75
PAPA AMARILLA,2022,7,24,2.6,3.7,3.25
PAPA BLANCA/VALLE/OTROS,2022,7,24,1.4,1.8,1.58
PAPA COLOR/VALLE/OTROS,2022,7,24,1.5,1.8,1.65
PAPA HUAYRO (ROJO-MORO-NEGRO)RUNT/MARH/U,2022,7,24,1.7,2.2,1.93
PAPA HUAMANTANGA,2022,7,24,2.0,2.2,2.09
PAPA NEGRA ANDINA,2022,7,24,1.8,2.1,1.95
PAPA PERUANITA (INJERTO),2022,7,24,1.8,2.3,2.05
PAPA YUNGAY,2022,7,24,1.45,1.8,1.61
PAPA UNICA,2022,7,24,1.5,1.8,1.65
PAPA CANCHAN,2022,7,24,1.4,1.8,1.63
CEBOLLA CABEZA BLANCA NACIONAL,2022,7,25,1.9,2.8,2.35
CEBOLLA CABEZA ROJA/MAJ/TAMB/LOC/CAM/MIL,2022,7,25,1.8,2.5,2.13
CEBOLLA CHINA (CRIOLLA/SERRANA),2022,7,25,1.5,2.0,1.75
PAPA AMARILLA,2022,7,25,2.6,3.7,3.25
PAPA BLANCA/VALLE/OTROS,2022,7,25,1.4,1.8,1.58
PAPA COLOR/VALLE/OTROS,2022,7,25,1.5,1.8,1.65
PAPA HUAYRO (ROJO-MORO-NEGRO)RUNT/MARH/U,2022,7,25,1.7,2.2,1.93
PAPA HUAMANTANGA,2022,7,25,2.0,2.2,2.09
PAPA NEGRA ANDINA,2022,7,25,1.8,2.1,1.95
PAPA PERUANITA (INJERTO),2022,7,25,1.8,2.3,2.05
PAPA YUNGAY,2022,7,25,1.4,1.8,1.6
PAPA UNICA,2022,7,25,1.5,1.8,1.65
PAPA CANCHAN,2022,7,25,1.4,1.8,1.63
CEBOLLA CABEZA BLANCA NACIONAL,2022,7,26,1.9,2.8,2.35
CEBOLLA CABEZA ROJA/MAJ/TAMB/LOC/CAM/MIL,2022,7,26,1.9,2.5,2.15
CEBOLLA CHINA (CRIOLLA/SERRANA),2022,7,26,1.5,2.0,1.75
PAPA AMARILLA,2022,7,26,2.6,3.8,3.33
PAPA BLANCA/VALLE/OTROS,2022,7,26,1.4,1.8,1.58
PAPA COLOR/VALLE/OTROS,2022,7,26,1.5,1.8,1.65
PAPA HUAYRO (ROJO-MORO-NEGRO)RUNT/MARH/U,2022,7,26,1.7,2.3,1.95
PAPA HUAMANTANGA,2022,7,26,2.0,2.2,2.09
PAPA NEGRA ANDINA,2022,7,26,1.8,2.1,1.95
PAPA PERUANITA (INJERTO),2022,7,26,1.8,2.4,2.13
PAPA YUNGAY,2022,7,26,1.4,1.8,1.6
PAPA UNICA,2022,7,26,1.5,1.8,1.65
PAPA CANCHAN,2022,7,26,1.4,1.9,1.65
CEBOLLA CABEZA BLANCA NACIONAL,2022,7,27,2.0,2.8,2.38
CEBOLLA CABEZA ROJA/MAJ/TAMB/LOC/CAM/MIL,2022,7,27,1.9,2.6,2.18
CEBOLLA CHINA (CRIOLLA/SERRANA),2022,7,27,1.5,2.0,1.75
PAPA AMARILLA,2022,7,27,2.6,3.9,3.4
PAPA BLANCA/VALLE/OTROS,2022,7,27,1.4,2.0,1.68
PAPA COLOR/VALLE/OTROS,2022,7,27,1.5,1.9,1.68
PAPA HUAYRO (ROJO-MORO-NEGRO)RUNT/MARH/U,2022,7,27,1.8,2.3,2.0
PAPA HUAMANTANGA,2022,7,27,2.0,2.2,2.09
PAPA NEGRA ANDINA,2022,7,27,1.8,2.2,1.98
PAPA PERUANITA (INJERTO),2022,7,27,1.8,2.4,2.13
PAPA YUNGAY,2022,7,27,1.4,1.9,1.63
PAPA UNICA,2022,7,27,1.5,1.8,1.65
PAPA CANCHAN,2022,7,27,1.4,2.0,1.68
CEBOLLA CABEZA BLANCA NACIONAL,2022,7,28,2.0,2.8,2.38
CEBOLLA CABEZA ROJA/MAJ/TAMB/LOC/CAM/MIL,2022,7,28,1.9,2.5,2.15
CEBOLLA CHINA (CRIOLLA/SERRANA),2022,7,28,1.0,2.0,1.5
PAPA AMARILLA,2022,7,28,2.6,3.8,3.35
PAPA BLANCA/VALLE/OTROS,2022,7,28,1.4,2.0,1.68
PAPA COLOR/VALLE/OTROS,2022,7,28,1.5,1.9,1.68
PAPA HUAYRO (ROJO-MORO-NEGRO)RUNT/MARH/U,2022,7,28,1.8,2.3,2.0
PAPA HUAMANTANGA,2022,7,28,2.0,2.2,2.09
PAPA NEGRA ANDINA,2022,7,28,1.8,2.2,1.98
PAPA PERUANITA (INJERTO),2022,7,28,1.8,2.4,2.13
PAPA YUNGAY,2022,7,28,1.4,1.9,1.63
PAPA UNICA,2022,7,28,1.5,1.8,1.65
PAPA CANCHAN,2022,7,28,1.4,2.0,1.7
CEBOLLA CABEZA BLANCA NACIONAL,2022,7,29,2.0,2.7,2.35
CEBOLLA CABEZA ROJA/MAJ/TAMB/LOC/CAM/MIL,2022,7,29,1.9,2.5,2.15
CEBOLLA CHINA (CRIOLLA/SERRANA),2022,7,29,1.5,2.0,1.75
PAPA AMARILLA,2022,7,29,2.6,3.8,3.35
PAPA BLANCA/VALLE/OTROS,2022,7,29,1.4,2.0,1.68
PAPA COLOR/VALLE/OTROS,2022,7,29,1.5,1.9,1.68
PAPA HUAYRO (ROJO-MORO-NEGRO)RUNT/MARH/U,2022,7,29,1.8,2.3,2.03
PAPA HUAMANTANGA,2022,7,29,2.0,2.2,2.09
PAPA NEGRA ANDINA,2022,7,29,1.8,2.2,1.98
PAPA PERUANITA (INJERTO),2022,7,29,1.8,2.4,2.13
PAPA YUNGAY,2022,7,29,1.4,1.9,1.63
PAPA UNICA,2022,7,29,1.5,1.8,1.65
PAPA CANCHAN,2022,7,29,1.4,2.0,1.68
CEBOLLA CABEZA BLANCA NACIONAL,2022,7,30,2.0,2.8,2.38
CEBOLLA CABEZA ROJA/MAJ/TAMB/LOC/CAM/MIL,2022,7,30,1.9,2.5,2.15
CEBOLLA CHINA (CRIOLLA/SERRANA),2022,7,30,1.0,2.0,1.5
PAPA AMARILLA,2022,7,30,2.6,3.8,3.35
PAPA BLANCA/VALLE/OTROS,2022,7,30,1.4,2.0,1.68
PAPA COLOR/VALLE/OTROS,2022,7,30,1.5,2.0,1.7
PAPA HUAYRO (ROJO-MORO-NEGRO)RUNT/MARH/U,2022,7,30,1.8,2.3,2.03
PAPA HUAMANTANGA,2022,7,30,1.8,2.2,2.03
PAPA NEGRA ANDINA,2022,7,30,1.8,2.1,1.95
PAPA PERUANITA (INJERTO),2022,7,30,1.8,2.3,2.1
PAPA YUNGAY,2022,7,30,1.4,1.9,1.63
PAPA UNICA,2022,7,30,1.5,1.8,1.65
PAPA CANCHAN,2022,7,30,1.4,2.0,1.68
CEBOLLA CABEZA BLANCA NACIONAL,2022,7,31,2.0,2.8,2.38
CEBOLLA CABEZA ROJA/MAJ/TAMB/LOC/CAM/MIL,2022,7,31,1.9,2.5,2.15
CEBOLLA CHINA (CRIOLLA/SERRANA),2022,7,31,1.0,2.0,1.5
PAPA AMARILLA,2022,7,31,2.6,3.8,3.35
PAPA BLANCA/VALLE/OTROS,2022,7,31,1.4,2.0,1.68
PAPA COLOR/VALLE/OTROS,2022,7,31,1.5,2.0,1.7
PAPA HUAYRO (ROJO-MORO-NEGRO)RUNT/MARH/U,2022,7,31,1.8,2.3,2.03
PAPA HUAMANTANGA,2022,7,31,1.8,2.2,2.03
PAPA NEGRA ANDINA,2022,7,31,1.8,2.1,1.95
PAPA PERUANITA (INJERTO),2022,7,31,1.8,2.3,2.1
PAPA YUNGAY,2022,7,31,1.4,1.9,1.63
PAPA UNICA,2022,7,31,1.5,1.8,1.65
PAPA CANCHAN,2022,7,31,1.4,2.0,1.68
CEBOLLA CABEZA BLANCA NACIONAL,2022,8,1,2.0,2.8,2.38
CEBOLLA CABEZA ROJA/MAJ/TAMB/LOC/CAM/MIL,2022,8,1,1.6,2.3,1.93
CEBOLLA CHINA (CRIOLLA/SERRANA),2022,8,1,1.0,2.0,1.5
PAPA AMARILLA,2022,8,1,3.0,3.8,3.45
PAPA BLANCA/VALLE/OTROS,2022,8,1,1.2,1.6,1.43
PAPA COLOR/VALLE/OTROS,2022,8,1,1.2,1.8,1.55
PAPA HUAYRO (ROJO-MORO-NEGRO)RUNT/MARH/U,2022,8,1,1.6,2.2,1.9
PAPA HUAMANTANGA,2022,8,1,2.0,2.6,2.33
PAPA NEGRA ANDINA,2022,8,1,1.8,2.1,1.95
PAPA PERUANITA (INJERTO),2022,8,1,2.0,2.3,2.15
PAPA YUNGAY,2022,8,1,1.2,1.6,1.43
PAPA UNICA,2022,8,1,1.4,1.8,1.63
PAPA CANCHAN,2022,8,1,1.2,1.8,1.5
CEBOLLA CABEZA BLANCA NACIONAL,2022,8,2,2.0,2.8,2.38
CEBOLLA CABEZA ROJA/MAJ/TAMB/LOC/CAM/MIL,2022,8,2,1.6,2.3,1.93
CEBOLLA CHINA (CRIOLLA/SERRANA),2022,8,2,1.0,2.0,1.5
PAPA AMARILLA,2022,8,2,3.5,4.0,3.75
PAPA BLANCA/VALLE/OTROS,2022,8,2,1.2,1.5,1.34
PAPA COLOR/VALLE/OTROS,2022,8,2,1.3,1.8,1.54
PAPA HUAYRO (ROJO-MORO-NEGRO)RUNT/MARH/U,2022,8,2,1.7,2.4,1.98
PAPA HUAMANTANGA,2022,8,2,2.4,2.8,2.58
PAPA NEGRA ANDINA,2022,8,2,1.5,1.8,1.65
PAPA PERUANITA (INJERTO),2022,8,2,2.4,3.0,2.63
PAPA YUNGAY,2022,8,2,1.2,1.5,1.34
PAPA UNICA,2022,8,2,1.45,1.6,1.53
PAPA CANCHAN,2022,8,2,1.3,1.8,1.58
CEBOLLA CABEZA BLANCA NACIONAL,2022,8,3,1.6,2.2,1.9
CEBOLLA CABEZA ROJA/MAJ/TAMB/LOC/CAM/MIL,2022,8,3,1.3,2.3,1.78
CEBOLLA CHINA (CRIOLLA/SERRANA),2022,8,3,1.5,2.0,1.75
PAPA AMARILLA,2022,8,3,3.5,4.0,3.75
PAPA BLANCA/VALLE/OTROS,2022,8,3,1.2,1.5,1.34
PAPA COLOR/VALLE/OTROS,2022,8,3,1.3,1.8,1.54
PAPA HUAYRO (ROJO-MORO-NEGRO)RUNT/MARH/U,2022,8,3,1.7,2.4,1.98
PAPA HUAMANTANGA,2022,8,3,2.4,2.8,2.58
PAPA NEGRA ANDINA,2022,8,3,1.5,1.8,1.65
PAPA PERUANITA (INJERTO),2022,8,3,2.4,3.0,2.63
PAPA YUNGAY,2022,8,3,1.2,1.5,1.34
PAPA UNICA,2022,8,3,1.45,1.6,1.53
PAPA CANCHAN,2022,8,3,1.3,1.8,1.58
CEBOLLA CABEZA BLANCA NACIONAL,2022,8,4,1.6,2.2,1.9
CEBOLLA CABEZA ROJA/MAJ/TAMB/LOC/CAM/MIL,2022,8,4,1.3,2.3,1.78
CEBOLLA CHINA (CRIOLLA/SERRANA),2022,8,4,1.5,2.0,1.75
PAPA AMARILLA,2022,8,4,3.0,3.8,3.4
PAPA BLANCA/VALLE/OTROS,2022,8,4,1.2,1.6,1.43
PAPA COLOR/VALLE/OTROS,2022,8,4,1.3,1.75,1.51
PAPA HUAYRO (ROJO-MORO-NEGRO)RUNT/MARH/U,2022,8,4,1.7,2.5,2.08
PAPA HUAMANTANGA,2022,8,4,2.6,2.8,2.7
PAPA NEGRA ANDINA,2022,8,4,1.5,1.8,1.65
PAPA PERUANITA (INJERTO),2022,8,4,2.4,2.7,2.55
PAPA YUNGAY,2022,8,4,1.2,1.6,1.43
PAPA UNICA,2022,8,4,1.4,1.6,1.51
PAPA CANCHAN,2022,8,4,1.3,1.75,1.54
CEBOLLA CABEZA BLANCA NACIONAL,2022,8,5,1.6,2.2,1.9
CEBOLLA CABEZA ROJA/MAJ/TAMB/LOC/CAM/MIL,2022,8,5,1.3,2.3,1.78
CEBOLLA CHINA (CRIOLLA/SERRANA),2022,8,5,1.5,2.0,1.75
PAPA AMARILLA,2022,8,5,3.2,4.0,3.63
PAPA BLANCA/VALLE/OTROS,2022,8,5,1.2,1.6,1.43
PAPA COLOR/VALLE/OTROS,2022,8,5,1.3,1.7,1.5
PAPA HUAYRO (ROJO-MORO-NEGRO)RUNT/MARH/U,2022,8,5,1.5,2.4,1.9
PAPA HUAMANTANGA,2022,8,5,2.6,2.8,2.7
PAPA NEGRA ANDINA,2022,8,5,1.5,1.8,1.65
PAPA PERUANITA (INJERTO),2022,8,5,2.2,2.7,2.45
PAPA YUNGAY,2022,8,5,1.2,1.6,1.43
PAPA UNICA,2022,8,5,1.4,1.6,1.51
PAPA CANCHAN,2022,8,5,1.3,1.7,1.53
CEBOLLA CABEZA BLANCA NACIONAL,2022,8,6,1.6,2.2,1.9
CEBOLLA CABEZA ROJA/MAJ/TAMB/LOC/CAM/MIL,2022,8,6,1.3,1.9,1.65
CEBOLLA CHINA (CRIOLLA/SERRANA),2022,8,6,1.5,2.0,1.75
PAPA AMARILLA,2022,8,6,3.2,4.0,3.63
PAPA BLANCA/VALLE/OTROS,2022,8,6,1.2,1.6,1.43
PAPA COLOR/VALLE/OTROS,2022,8,6,1.3,1.7,1.5
PAPA HUAYRO (ROJO-MORO-NEGRO)RUNT/MARH/U,2022,8,6,1.5,2.4,1.9
PAPA HUAMANTANGA,2022,8,6,2.6,2.8,2.7
PAPA NEGRA ANDINA,2022,8,6,1.5,1.8,1.65
PAPA PERUANITA (INJERTO),2022,8,6,2.2,2.7,2.45
PAPA YUNGAY,2022,8,6,1.2,1.6,1.43
PAPA UNICA,2022,8,6,1.4,1.6,1.51
PAPA CANCHAN,2022,8,6,1.3,1.7,1.53
CEBOLLA CABEZA BLANCA NACIONAL,2022,8,7,1.6,2.2,1.9
CEBOLLA CABEZA ROJA/MAJ/TAMB/LOC/CAM/MIL,2022,8,7,1.3,1.9,1.65
CEBOLLA CHINA (CRIOLLA/SERRANA),2022,8,7,1.5,2.0,1.75
PAPA AMARILLA,2022,8,7,3.2,4.0,3.63
PAPA BLANCA/VALLE/OTROS,2022,8,7,1.2,1.6,1.43
PAPA COLOR/VALLE/OTROS,2022,8,7,1.3,1.7,1.5
PAPA HUAYRO (ROJO-MORO-NEGRO)RUNT/MARH/U,2022,8,7,1.5,2.4,1.9
PAPA HUAMANTANGA,2022,8,7,2.6,2.8,2.7
PAPA NEGRA ANDINA,2022,8,7,1.5,1.8,1.65
PAPA PERUANITA (INJERTO),2022,8,7,2.2,2.7,2.45
PAPA YUNGAY,2022,8,7,1.2,1.6,1.43
PAPA UNICA,2022,8,7,1.4,1.6,1.51
PAPA CANCHAN,2022,8,7,1.3,1.7,1.53
CEBOLLA CABEZA BLANCA NACIONAL,2022,8,8,1.6,2.2,1.9
CEBOLLA CABEZA ROJA/MAJ/TAMB/LOC/CAM/MIL,2022,8,8,1.5,2.0,1.7
CEBOLLA CHINA (CRIOLLA/SERRANA),2022,8,8,1.5,2.0,1.75
PAPA AMARILLA,2022,8,8,3.2,4.0,3.63
PAPA BLANCA/VALLE/OTROS,2022,8,8,1.2,1.6,1.43
PAPA COLOR/VALLE/OTROS,2022,8,8,1.3,1.7,1.5
PAPA HUAYRO (ROJO-MORO-NEGRO)RUNT/MARH/U,2022,8,8,1.5,2.4,1.9
PAPA HUAMANTANGA,2022,8,8,2.6,2.8,2.7
PAPA NEGRA ANDINA,2022,8,8,1.5,1.8,1.65
PAPA PERUANITA (INJERTO),2022,8,8,2.2,2.7,2.45
PAPA YUNGAY,2022,8,8,1.2,1.6,1.43
PAPA UNICA,2022,8,8,1.4,1.6,1.51
PAPA CANCHAN,2022,8,8,1.3,1.7,1.53
CEBOLLA CABEZA BLANCA NACIONAL,2022,8,9,1.6,2.2,1.9
CEBOLLA CABEZA ROJA/MAJ/TAMB/LOC/CAM/MIL,2022,8,9,1.5,2.0,1.7
CEBOLLA CHINA (CRIOLLA/SERRANA),2022,8,9,1.5,2.0,1.75
PAPA AMARILLA,2022,8,9,3.2,4.4,3.73
PAPA BLANCA/VALLE/OTROS,2022,8,9,1.2,1.6,1.43
PAPA COLOR/VALLE/OTROS,2022,8,9,1.25,1.7,1.44
PAPA HUAYRO (ROJO-MORO-NEGRO)RUNT/MARH/U,2022,8,9,1.5,2.5,1.93
PAPA HUAMANTANGA,2022,8,9,2.4,2.7,2.55
PAPA NEGRA ANDINA,2022,8,9,1.5,1.7,1.59
PAPA PERUANITA (INJERTO),2022,8,9,2.2,2.7,2.45
PAPA YUNGAY,2022,8,9,1.2,1.6,1.43
PAPA UNICA,2022,8,9,1.25,1.4,1.33
PAPA CANCHAN,2022,8,9,1.4,1.7,1.55
CEBOLLA CABEZA BLANCA NACIONAL,2022,8,10,1.6,2.2,1.9
CEBOLLA CABEZA ROJA/MAJ/TAMB/LOC/CAM/MIL,2022,8,10,1.5,2.0,1.7
CEBOLLA CHINA (CRIOLLA/SERRANA),2022,8,10,1.5,2.0,1.75
PAPA AMARILLA,2022,8,10,3.2,4.4,3.73
PAPA BLANCA/VALLE/OTROS,2022,8,10,1.2,1.6,1.43
PAPA COLOR/VALLE/OTROS,2022,8,10,1.25,1.7,1.44
PAPA HUAYRO (ROJO-MORO-NEGRO)RUNT/MARH/U,2022,8,10,1.5,2.5,1.93
PAPA HUAMANTANGA,2022,8,10,2.4,2.7,2.55
PAPA NEGRA ANDINA,2022,8,10,1.5,1.7,1.59
PAPA PERUANITA (INJERTO),2022,8,10,2.2,2.7,2.45
PAPA YUNGAY,2022,8,10,1.2,1.6,1.43
PAPA UNICA,2022,8,10,1.25,1.4,1.33
PAPA CANCHAN,2022,8,10,1.4,1.7,1.55
CEBOLLA CABEZA BLANCA NACIONAL,2022,8,11,1.6,2.2,1.9
CEBOLLA CABEZA ROJA/MAJ/TAMB/LOC/CAM/MIL,2022,8,11,1.5,2.0,1.7
CEBOLLA CHINA (CRIOLLA/SERRANA),2022,8,11,1.5,2.0,1.75
PAPA AMARILLA,2022,8,11,3.5,4.2,3.88
PAPA BLANCA/VALLE/OTROS,2022,8,11,1.2,1.7,1.43
PAPA COLOR/VALLE/OTROS,2022,8,11,1.25,1.75,1.43
PAPA HUAYRO (ROJO-MORO-NEGRO)RUNT/MARH/U,2022,8,11,1.6,2.5,1.95
PAPA HUAMANTANGA,2022,8,11,2.3,2.6,2.45
PAPA NEGRA ANDINA,2022,8,11,1.5,1.7,1.59
PAPA PERUANITA (INJERTO),2022,8,11,2.4,2.7,2.55
PAPA YUNGAY,2022,8,11,1.2,1.7,1.43
PAPA UNICA,2022,8,11,1.25,1.4,1.33
PAPA CANCHAN,2022,8,11,1.3,1.75,1.54
CEBOLLA CABEZA BLANCA NACIONAL,2022,8,12,1.6,1.9,1.75
CEBOLLA CABEZA ROJA/MAJ/TAMB/LOC/CAM/MIL,2022,8,12,1.5,2.0,1.7
CEBOLLA CHINA (CRIOLLA/SERRANA),2022,8,12,1.0,2.0,1.63
PAPA AMARILLA,2022,8,12,3.5,4.2,3.88
PAPA BLANCA/VALLE/OTROS,2022,8,12,1.2,1.7,1.43
PAPA COLOR/VALLE/OTROS,2022,8,12,1.25,1.75,1.43
PAPA HUAYRO (ROJO-MORO-NEGRO)RUNT/MARH/U,2022,8,12,1.6,2.5,1.95
PAPA HUAMANTANGA,2022,8,12,2.3,2.6,2.45
PAPA NEGRA ANDINA,2022,8,12,1.5,1.7,1.59
PAPA PERUANITA (INJERTO),2022,8,12,2.4,2.7,2.55
PAPA YUNGAY,2022,8,12,1.2,1.7,1.43
PAPA UNICA,2022,8,12,1.25,1.4,1.33
PAPA CANCHAN,2022,8,12,1.3,1.75,1.54
CEBOLLA CABEZA BLANCA NACIONAL,2022,8,13,1.6,1.9,1.75
CEBOLLA CABEZA ROJA/MAJ/TAMB/LOC/CAM/MIL,2022,8,13,1.5,2.0,1.7
CEBOLLA CHINA (CRIOLLA/SERRANA),2022,8,13,1.0,2.0,1.63
PAPA AMARILLA,2022,8,13,3.0,4.2,3.63
PAPA BLANCA/VALLE/OTROS,2022,8,13,1.2,1.6,1.38
PAPA COLOR/VALLE/OTROS,2022,8,13,1.25,1.8,1.45
PAPA HUAYRO (ROJO-MORO-NEGRO)RUNT/MARH/U,2022,8,13,1.6,2.8,2.08
PAPA HUAMANTANGA,2022,8,13,2.5,2.8,2.65
PAPA NEGRA ANDINA,2022,8,13,1.6,1.7,1.66
PAPA PERUANITA (INJERTO),2022,8,13,2.4,2.8,2.6
PAPA YUNGAY,2022,8,13,1.2,1.6,1.38
PAPA UNICA,2022,8,13,1.25,1.4,1.33
PAPA CANCHAN,2022,8,13,1.35,1.8,1.56
CEBOLLA CABEZA BLANCA NACIONAL,2022,8,14,1.6,1.9,1.75
CEBOLLA CABEZA ROJA/MAJ/TAMB/LOC/CAM/MIL,2022,8,14,1.5,2.0,1.7
CEBOLLA CHINA (CRIOLLA/SERRANA),2022,8,14,1.0,2.0,1.63
PAPA AMARILLA,2022,8,14,3.0,4.2,3.63
PAPA BLANCA/VALLE/OTROS,2022,8,14,1.2,1.6,1.38
PAPA COLOR/VALLE/OTROS,2022,8,14,1.25,1.8,1.45
PAPA HUAYRO (ROJO-MORO-NEGRO)RUNT/MARH/U,2022,8,14,1.6,2.8,2.08
PAPA HUAMANTANGA,2022,8,14,2.5,2.8,2.65
PAPA NEGRA ANDINA,2022,8,14,1.6,1.7,1.66
PAPA PERUANITA (INJERTO),2022,8,14,2.4,2.8,2.6
PAPA YUNGAY,2022,8,14,1.2,1.6,1.38
PAPA UNICA,2022,8,14,1.25,1.4,1.33
PAPA CANCHAN,2022,8,14,1.35,1.8,1.56
CEBOLLA CABEZA BLANCA NACIONAL,2022,8,15,1.6,1.9,1.75
CEBOLLA CABEZA ROJA/MAJ/TAMB/LOC/CAM/MIL,2022,8,15,1.3,2.0,1.63
CEBOLLA CHINA (CRIOLLA/SERRANA),2022,8,15,1.0,2.0,1.63
PAPA AMARILLA,2022,8,15,3.0,4.2,3.63
PAPA BLANCA/VALLE/OTROS,2022,8,15,1.2,1.6,1.38
PAPA COLOR/VALLE/OTROS,2022,8,15,1.25,1.8,1.45
PAPA HUAYRO (ROJO-MORO-NEGRO)RUNT/MARH/U,2022,8,15,1.6,2.8,2.08
PAPA HUAMANTANGA,2022,8,15,2.5,2.8,2.65
PAPA NEGRA ANDINA,2022,8,15,1.6,1.7,1.66
PAPA PERUANITA (INJERTO),2022,8,15,2.4,2.8,2.6
PAPA YUNGAY,2022,8,15,1.2,1.6,1.38
PAPA UNICA,2022,8,15,1.25,1.4,1.33
PAPA CANCHAN,2022,8,15,1.35,1.8,1.56
CEBOLLA CABEZA BLANCA NACIONAL,2022,8,16,1.6,1.9,1.75
CEBOLLA CABEZA ROJA/MAJ/TAMB/LOC/CAM/MIL,2022,8,16,1.3,2.0,1.63
CEBOLLA CHINA (CRIOLLA/SERRANA),2022,8,16,1.0,2.0,1.63
PAPA AMARILLA,2022,8,16,3.3,4.2,3.7
PAPA BLANCA/VALLE/OTROS,2022,8,16,1.2,1.6,1.38
PAPA COLOR/VALLE/OTROS,2022,8,16,1.2,1.8,1.44
PAPA HUAYRO (ROJO-MORO-NEGRO)RUNT/MARH/U,2022,8,16,1.6,2.4,1.98
PAPA HUAMANTANGA,2022,8,16,2.4,2.8,2.58
PAPA NEGRA ANDINA,2022,8,16,1.3,1.6,1.45
PAPA PERUANITA (INJERTO),2022,8,16,2.4,2.8,2.6
PAPA YUNGAY,2022,8,16,1.2,1.6,1.38
PAPA UNICA,2022,8,16,1.2,1.35,1.28
PAPA CANCHAN,2022,8,16,1.4,1.8,1.58
CEBOLLA CABEZA BLANCA NACIONAL,2022,8,17,1.6,1.9,1.75
CEBOLLA CABEZA ROJA/MAJ/TAMB/LOC/CAM/MIL,2022,8,17,1.3,2.0,1.63
CEBOLLA CHINA (CRIOLLA/SERRANA),2022,8,17,1.0,2.0,1.63
PAPA AMARILLA,2022,8,17,3.3,4.2,3.7
PAPA BLANCA/VALLE/OTROS,2022,8,17,1.2,1.6,1.38
PAPA COLOR/VALLE/OTROS,2022,8,17,1.2,1.8,1.44
PAPA HUAYRO (ROJO-MORO-NEGRO)RUNT/MARH/U,2022,8,17,1.6,2.4,1.98
PAPA HUAMANTANGA,2022,8,17,2.4,2.8,2.58
PAPA NEGRA ANDINA,2022,8,17,1.3,1.6,1.45
PAPA PERUANITA (INJERTO),2022,8,17,2.4,2.8,2.6
PAPA YUNGAY,2022,8,17,1.2,1.6,1.38
PAPA UNICA,2022,8,17,1.2,1.35,1.28
PAPA CANCHAN,2022,8,17,1.4,1.8,1.58
CEBOLLA CABEZA BLANCA NACIONAL,2022,8,18,1.6,1.9,1.75
CEBOLLA CABEZA ROJA/MAJ/TAMB/LOC/CAM/MIL,2022,8,18,1.3,2.0,1.63
CEBOLLA CHINA (CRIOLLA/SERRANA),2022,8,18,1.0,2.0,1.63
PAPA AMARILLA,2022,8,18,3.5,4.2,3.88
PAPA BLANCA/VALLE/OTROS,2022,8,18,1.3,1.6,1.45
PAPA COLOR/VALLE/OTROS,2022,8,18,1.2,1.8,1.44
PAPA HUAYRO (ROJO-MORO-NEGRO)RUNT/MARH/U,2022,8,18,1.6,2.5,1.98
PAPA HUAMANTANGA,2022,8,18,2.3,2.6,2.45
PAPA NEGRA ANDINA,2022,8,18,1.4,1.85,1.65
PAPA PERUANITA (INJERTO),2022,8,18,2.7,3.2,2.93
PAPA YUNGAY,2022,8,18,1.3,1.6,1.45
PAPA UNICA,2022,8,18,1.2,1.35,1.28
PAPA CANCHAN,2022,8,18,1.4,1.8,1.58
CEBOLLA CABEZA BLANCA NACIONAL,2022,8,19,1.6,1.9,1.75
CEBOLLA CABEZA ROJA/MAJ/TAMB/LOC/CAM/MIL,2022,8,19,1.3,2.0,1.63
CEBOLLA CHINA (CRIOLLA/SERRANA),2022,8,19,1.0,2.0,1.63
PAPA AMARILLA,2022,8,19,3.5,4.2,3.88
PAPA BLANCA/VALLE/OTROS,2022,8,19,1.3,1.6,1.45
PAPA COLOR/VALLE/OTROS,2022,8,19,1.2,1.8,1.44
PAPA HUAYRO (ROJO-MORO-NEGRO)RUNT/MARH/U,2022,8,19,1.6,2.5,1.98
PAPA HUAMANTANGA,2022,8,19,2.3,2.6,2.45
PAPA NEGRA ANDINA,2022,8,19,1.4,1.85,1.65
PAPA PERUANITA (INJERTO),2022,8,19,2.7,3.2,2.93
PAPA YUNGAY,2022,8,19,1.3,1.6,1.45
PAPA UNICA,2022,8,19,1.2,1.35,1.28
PAPA CANCHAN,2022,8,19,1.4,1.8,1.58
CEBOLLA CABEZA BLANCA NACIONAL,2022,8,20,1.6,1.8,1.7
CEBOLLA CABEZA ROJA/MAJ/TAMB/LOC/CAM/MIL,2022,8,20,1.3,2.0,1.63
CEBOLLA CHINA (CRIOLLA/SERRANA),2022,8,20,1.0,2.0,1.63
PAPA AMARILLA,2022,8,20,3.5,4.2,3.88
PAPA BLANCA/VALLE/OTROS,2022,8,20,1.3,1.6,1.45
PAPA COLOR/VALLE/OTROS,2022,8,20,1.2,1.8,1.44
PAPA HUAYRO (ROJO-MORO-NEGRO)RUNT/MARH/U,2022,8,20,1.6,2.5,1.98
PAPA HUAMANTANGA,2022,8,20,2.3,2.6,2.45
PAPA NEGRA ANDINA,2022,8,20,1.4,1.85,1.65
PAPA PERUANITA (INJERTO),2022,8,20,2.7,3.2,2.93
PAPA YUNGAY,2022,8,20,1.3,1.6,1.45
PAPA UNICA,2022,8,20,1.2,1.35,1.28
PAPA CANCHAN,2022,8,20,1.4,1.8,1.58
CEBOLLA CABEZA BLANCA NACIONAL,2022,8,21,1.6,1.8,1.7
CEBOLLA CABEZA ROJA/MAJ/TAMB/LOC/CAM/MIL,2022,8,21,1.3,2.0,1.63
CEBOLLA CHINA (CRIOLLA/SERRANA),2022,8,21,1.0,2.0,1.63
PAPA AMARILLA,2022,8,21,3.5,4.2,3.88
PAPA BLANCA/VALLE/OTROS,2022,8,21,1.3,1.6,1.45
PAPA COLOR/VALLE/OTROS,2022,8,21,1.2,1.8,1.44
PAPA HUAYRO (ROJO-MORO-NEGRO)RUNT/MARH/U,2022,8,21,1.6,2.5,1.98
PAPA HUAMANTANGA,2022,8,21,2.3,2.6,2.45
PAPA NEGRA ANDINA,2022,8,21,1.4,1.85,1.65
PAPA PERUANITA (INJERTO),2022,8,21,2.7,3.2,2.93
PAPA YUNGAY,2022,8,21,1.3,1.6,1.45
PAPA UNICA,2022,8,21,1.2,1.35,1.28
PAPA CANCHAN,2022,8,21,1.4,1.8,1.58
CEBOLLA CABEZA BLANCA NACIONAL,2022,8,22,1.6,1.8,1.7
CEBOLLA CABEZA ROJA/MAJ/TAMB/LOC/CAM/MIL,2022,8,22,1.3,2.0,1.63
CEBOLLA CHINA (CRIOLLA/SERRANA),2022,8,22,1.5,2.5,2.0
PAPA AMARILLA,2022,8,22,3.5,4.2,3.88
PAPA BLANCA/VALLE/OTROS,2022,8,22,1.3,1.6,1.45
PAPA COLOR/VALLE/OTROS,2022,8,22,1.2,1.8,1.44
PAPA HUAYRO (ROJO-MORO-NEGRO)RUNT/MARH/U,2022,8,22,1.6,2.5,1.98
PAPA HUAMANTANGA,2022,8,22,2.3,2.6,2.45
PAPA NEGRA ANDINA,2022,8,22,1.4,1.85,1.65
PAPA PERUANITA (INJERTO),2022,8,22,2.7,3.2,2.93
PAPA YUNGAY,2022,8,22,1.3,1.6,1.45
PAPA UNICA,2022,8,22,1.2,1.35,1.28
PAPA CANCHAN,2022,8,22,1.4,1.8,1.58
CEBOLLA CABEZA BLANCA NACIONAL,2022,8,23,1.6,1.8,1.7
CEBOLLA CABEZA ROJA/MAJ/TAMB/LOC/CAM/MIL,2022,8,23,1.3,2.0,1.63
CEBOLLA CHINA (CRIOLLA/SERRANA),2022,8,23,1.5,2.5,2.0
PAPA AMARILLA,2022,8,23,3.5,4.2,3.88
PAPA BLANCA/VALLE/OTROS,2022,8,23,1.3,1.7,1.5
PAPA COLOR/VALLE/OTROS,2022,8,23,1.2,1.7,1.4
PAPA HUAYRO (ROJO-MORO-NEGRO)RUNT/MARH/U,2022,8,23,1.6,2.5,1.98
PAPA HUAMANTANGA,2022,8,23,2.5,2.8,2.65
PAPA NEGRA ANDINA,2022,8,23,1.4,1.85,1.65
PAPA PERUANITA (INJERTO),2022,8,23,2.5,3.2,2.85
PAPA YUNGAY,2022,8,23,1.3,1.7,1.5
PAPA UNICA,2022,8,23,1.2,1.35,1.28
PAPA CANCHAN,2022,8,23,1.35,1.7,1.54
CEBOLLA CABEZA BLANCA NACIONAL,2022,8,24,1.6,1.8,1.7
CEBOLLA CABEZA ROJA/MAJ/TAMB/LOC/CAM/MIL,2022,8,24,1.3,2.0,1.63
CEBOLLA CHINA (CRIOLLA/SERRANA),2022,8,24,1.0,2.0,1.5
PAPA AMARILLA,2022,8,24,3.5,4.2,3.88
PAPA BLANCA/VALLE/OTROS,2022,8,24,1.3,1.7,1.5
PAPA COLOR/VALLE/OTROS,2022,8,24,1.2,1.7,1.4
PAPA HUAYRO (ROJO-MORO-NEGRO)RUNT/MARH/U,2022,8,24,1.6,2.5,1.98
PAPA HUAMANTANGA,2022,8,24,2.5,2.8,2.65
PAPA NEGRA ANDINA,2022,8,24,1.4,1.85,1.65
PAPA PERUANITA (INJERTO),2022,8,24,2.5,3.2,2.85
PAPA YUNGAY,2022,8,24,1.3,1.7,1.5
PAPA UNICA,2022,8,24,1.2,1.35,1.28
PAPA CANCHAN,2022,8,24,1.35,1.7,1.54
CEBOLLA CABEZA BLANCA NACIONAL,2022,8,25,1.6,1.8,1.7
CEBOLLA CABEZA ROJA/MAJ/TAMB/LOC/CAM/MIL,2022,8,25,1.3,2.0,1.63
CEBOLLA CHINA (CRIOLLA/SERRANA),2022,8,25,1.0,1.5,1.25
PAPA AMARILLA,2022,8,25,3.2,4.0,3.6
PAPA BLANCA/VALLE/OTROS,2022,8,25,1.3,1.8,1.55
PAPA COLOR/VALLE/OTROS,2022,8,25,1.1,1.6,1.31
PAPA HUAYRO (ROJO-MORO-NEGRO)RUNT/MARH/U,2022,8,25,1.55,2.3,1.88
PAPA HUAMANTANGA,2022,8,25,2.5,2.8,2.65
PAPA NEGRA ANDINA,2022,8,25,1.6,1.7,1.65
PAPA PERUANITA (INJERTO),2022,8,25,2.5,3.2,2.85
PAPA YUNGAY,2022,8,25,1.3,1.8,1.55
PAPA UNICA,2022,8,25,1.1,1.25,1.18
PAPA CANCHAN,2022,8,25,1.3,1.6,1.45
PAPA AMARILIS,2022,8,25,1.3,1.35,1.32
CEBOLLA CABEZA BLANCA NACIONAL,2022,8,26,1.5,2.0,1.73
CEBOLLA CABEZA ROJA/MAJ/TAMB/LOC/CAM/MIL,2022,8,26,1.5,2.0,1.75
CEBOLLA CHINA (CRIOLLA/SERRANA),2022,8,26,1.5,2.0,1.75
PAPA AMARILLA,2022,8,26,3.2,4.0,3.6
PAPA BLANCA/VALLE/OTROS,2022,8,26,1.3,1.8,1.55
PAPA COLOR/VALLE/OTROS,2022,8,26,1.1,1.6,1.31
PAPA HUAYRO (ROJO-MORO-NEGRO)RUNT/MARH/U,2022,8,26,1.55,2.3,1.88
PAPA HUAMANTANGA,2022,8,26,2.5,2.8,2.65
PAPA NEGRA ANDINA,2022,8,26,1.6,1.7,1.65
PAPA PERUANITA (INJERTO),2022,8,26,2.5,3.2,2.85
PAPA YUNGAY,2022,8,26,1.3,1.8,1.55
PAPA UNICA,2022,8,26,1.1,1.25,1.18
PAPA CANCHAN,2022,8,26,1.3,1.6,1.45
PAPA AMARILIS,2022,8,26,1.3,1.35,1.32
CEBOLLA CABEZA BLANCA NACIONAL,2022,8,27,1.5,2.0,1.73
CEBOLLA CABEZA ROJA/MAJ/TAMB/LOC/CAM/MIL,2022,8,27,1.5,2.0,1.75
CEBOLLA CHINA (CRIOLLA/SERRANA),2022,8,27,1.5,2.0,1.75
PAPA AMARILLA,2022,8,27,3.4,4.0,3.7
PAPA BLANCA/VALLE/OTROS,2022,8,27,1.4,1.8,1.63
PAPA COLOR/VALLE/OTROS,2022,8,27,1.1,1.5,1.29
PAPA HUAYRO (ROJO-MORO-NEGRO)RUNT/MARH/U,2022,8,27,1.7,2.6,2.1
PAPA HUAMANTANGA,2022,8,27,2.4,2.7,2.55
PAPA NEGRA ANDINA,2022,8,27,1.6,1.9,1.75
PAPA PERUANITA (INJERTO),2022,8,27,2.8,3.2,2.98
PAPA YUNGAY,2022,8,27,1.4,1.8,1.63
PAPA UNICA,2022,8,27,1.1,1.25,1.18
PAPA CANCHAN,2022,8,27,1.3,1.5,1.39
PAPA AMARILIS,2022,8,27,1.3,1.35,1.32
CEBOLLA CABEZA BLANCA NACIONAL,2022,8,28,1.5,2.0,1.73
CEBOLLA CABEZA ROJA/MAJ/TAMB/LOC/CAM/MIL,2022,8,28,1.5,2.0,1.75
CEBOLLA CHINA (CRIOLLA/SERRANA),2022,8,28,1.5,2.0,1.75
PAPA AMARILLA,2022,8,28,3.4,4.0,3.7
PAPA BLANCA/VALLE/OTROS,2022,8,28,1.4,1.8,1.63
PAPA COLOR/VALLE/OTROS,2022,8,28,1.1,1.5,1.29
PAPA HUAYRO (ROJO-MORO-NEGRO)RUNT/MARH/U,2022,8,28,1.7,2.6,2.1
PAPA HUAMANTANGA,2022,8,28,2.4,2.7,2.55
PAPA NEGRA ANDINA,2022,8,28,1.6,1.9,1.75
PAPA PERUANITA (INJERTO),2022,8,28,2.8,3.2,2.98
PAPA YUNGAY,2022,8,28,1.4,1.8,1.63
PAPA UNICA,2022,8,28,1.1,1.25,1.18
PAPA CANCHAN,2022,8,28,1.3,1.5,1.39
PAPA AMARILIS,2022,8,28,1.3,1.35,1.32
CEBOLLA CABEZA BLANCA NACIONAL,2022,8,29,1.5,2.0,1.73
CEBOLLA CABEZA ROJA/MAJ/TAMB/LOC/CAM/MIL,2022,8,29,1.5,2.0,1.75
CEBOLLA CHINA (CRIOLLA/SERRANA),2022,8,29,1.5,2.5,2.0
PAPA AMARILLA,2022,8,29,3.5,4.0,3.75
PAPA BLANCA/VALLE/OTROS,2022,8,29,1.65,1.9,1.76
PAPA COLOR/VALLE/OTROS,2022,8,29,1.2,1.4,1.31
PAPA HUAYRO (ROJO-MORO-NEGRO)RUNT/MARH/U,2022,8,29,1.6,2.5,2.0
PAPA HUAMANTANGA,2022,8,29,2.4,2.7,2.55
PAPA NEGRA ANDINA,2022,8,29,1.6,1.9,1.75
PAPA PERUANITA (INJERTO),2022,8,29,3.0,3.5,3.25
PAPA YUNGAY,2022,8,29,1.65,1.9,1.76
PAPA UNICA,2022,8,29,1.25,1.4,1.33
PAPA CANCHAN,2022,8,29,1.2,1.4,1.29
PAPA AMARILIS,2022,8,29,1.3,1.35,1.32
CEBOLLA CABEZA BLANCA NACIONAL,2022,8,30,1.5,2.0,1.73
CEBOLLA CABEZA ROJA/MAJ/TAMB/LOC/CAM/MIL,2022,8,30,1.5,2.0,1.75
CEBOLLA CHINA (CRIOLLA/SERRANA),2022,8,30,1.5,2.0,1.75
PAPA AMARILLA,2022,8,30,3.5,4.0,3.75
PAPA BLANCA/VALLE/OTROS,2022,8,30,1.65,1.9,1.76
PAPA COLOR/VALLE/OTROS,2022,8,30,1.2,1.4,1.31
PAPA HUAYRO (ROJO-MORO-NEGRO)RUNT/MARH/U,2022,8,30,1.6,2.5,2.0
PAPA HUAMANTANGA,2022,8,30,2.4,2.7,2.55
PAPA NEGRA ANDINA,2022,8,30,1.6,1.9,1.75
PAPA PERUANITA (INJERTO),2022,8,30,3.0,3.5,3.25
PAPA YUNGAY,2022,8,30,1.65,1.9,1.76
PAPA UNICA,2022,8,30,1.25,1.4,1.33
PAPA CANCHAN,2022,8,30,1.2,1.4,1.29
PAPA AMARILIS,2022,8,30,1.3,1.35,1.32
